[13:11:09:712] [452076:0006e5ec] [ERROR][com.freerdp.server.shadow] - [shadow_server_read_pem]: Certificate PEM /home/acd407/.config/freerdp/shadow/shadow.crt valid, but some properties failed to be extracted
[13:11:17:353] [452076:0006e5ee] [WARN][com.freerdp.core.rdp] - [log_build_warn][0x7f29f4000f40]: *************************************************
[13:11:17:353] [452076:0006e5ee] [WARN][com.freerdp.core.rdp] - [log_build_warn][0x7f29f4000f40]: This build is using [experimental] build options:
[13:11:17:353] [452076:0006e5ee] [WARN][com.freerdp.core.rdp] - [log_build_warn][0x7f29f4000f40]: * 'WITH_VAAPI=ON'
[13:11:17:353] [452076:0006e5ee] [WARN][com.freerdp.core.rdp] - [log_build_warn][0x7f29f4000f40]: * 'WITH_VAAPI_H264_ENCODING=ON'
[13:11:17:353] [452076:0006e5ee] [WARN][com.freerdp.core.rdp] - [log_build_warn][0x7f29f4000f40]: *
[13:11:17:353] [452076:0006e5ee] [WARN][com.freerdp.core.rdp] - [log_build_warn][0x7f29f4000f40]: [experimental] build options might crash the application
[13:11:17:353] [452076:0006e5ee] [WARN][com.freerdp.core.rdp] - [log_build_warn][0x7f29f4000f40]: *************************************************
[13:11:17:410] [452076:0006e5ef] [ERROR][com.freerdp.server.shadow.x11] - [x11_shadow_error_handler_for_capture]: X11 error: BadMatch (invalid parameter attributes) Error code: 8, request code: 49, minor code: 0
[13:11:17:465] [452076:0006e5ef] [ERROR][com.freerdp.server.shadow.x11] - [x11_shadow_error_handler_for_capture]: X11 error: BadMatch (invalid parameter attributes) Error code: 8, request code: 49, minor code: 0
[13:11:17:527] [452076:0006e5ef] [ERROR][com.freerdp.server.shadow.x11] - [x11_shadow_error_handler_for_capture]: X11 error: BadMatch (invalid parameter attributes) Error code: 8, request code: 49, minor code: 0
[13:11:17:589] [452076:0006e5ef] [ERROR][com.freerdp.server.shadow.x11] - [x11_shadow_error_handler_for_capture]: X11 error: BadMatch (invalid parameter attributes) Error code: 8, request code: 49, minor code: 0
[13:11:17:651] [452076:0006e5ef] [ERROR][com.freerdp.server.shadow.x11] - [x11_shadow_error_handler_for_capture]: X11 error: BadMatch (invalid parameter attributes) Error code: 8, request code: 49, minor code: 0
[13:11:17:713] [452076:0006e5ef] [ERROR][com.freerdp.server.shadow.x11] - [x11_shadow_error_handler_for_capture]: X11 error: BadMatch (invalid parameter attributes) Error code: 8, request code: 49, minor code: 0
[13:11:17:775] [452076:0006e5ef] [ERROR][com.freerdp.server.shadow.x11] - [x11_shadow_error_handler_for_capture]: X11 error: BadMatch (invalid parameter attributes) Error code: 8, request code: 49, minor code: 0
[13:11:17:837] [452076:0006e5ef] [ERROR][com.freerdp.server.shadow.x11] - [x11_shadow_error_handler_for_capture]: X11 error: BadMatch (invalid parameter attributes) Error code: 8, request code: 49, minor code: 0
[13:11:17:899] [452076:0006e5ef] [ERROR][com.freerdp.server.shadow.x11] - [x11_shadow_error_handler_for_capture]: X11 error: BadMatch (invalid parameter attributes) Error code: 8, request code: 49, minor code: 0
[13:11:17:961] [452076:0006e5ef] [ERROR][com.freerdp.server.shadow.x11] - [x11_shadow_error_handler_for_capture]: X11 error: BadMatch (invalid parameter attributes) Error code: 8, request code: 49, minor code: 0
[13:11:18:023] [452076:0006e5ef] [ERROR][com.freerdp.server.shadow.x11] - [x11_shadow_error_handler_for_capture]: X11 error: BadMatch (invalid parameter attributes) Error code: 8, request code: 49, minor code: 0
[13:11:18:085] [452076:0006e5ef] [ERROR][com.freerdp.server.shadow.x11] - [x11_shadow_error_handler_for_capture]: X11 error: BadMatch (invalid parameter attributes) Error code: 8, request code: 49, minor code: 0
[13:11:18:147] [452076:0006e5ef] [ERROR][com.freerdp.server.shadow.x11] - [x11_shadow_error_handler_for_capture]: X11 error: BadMatch (invalid parameter attributes) Error code: 8, request code: 49, minor code: 0
[13:11:18:209] [452076:0006e5ef] [ERROR][com.freerdp.server.shadow.x11] - [x11_shadow_error_handler_for_capture]: X11 error: BadMatch (invalid parameter attributes) Error code: 8, request code: 49, minor code: 0
[13:11:18:271] [452076:0006e5ef] [ERROR][com.freerdp.server.shadow.x11] - [x11_shadow_error_handler_for_capture]: X11 error: BadMatch (invalid parameter attributes) Error code: 8, request code: 49, minor code: 0
[13:11:18:333] [452076:0006e5ef] [ERROR][com.freerdp.server.shadow.x11] - [x11_shadow_error_handler_for_capture]: X11 error: BadMatch (invalid parameter attributes) Error code: 8, request code: 49, minor code: 0
[13:11:18:395] [452076:0006e5ef] [ERROR][com.freerdp.server.shadow.x11] - [x11_shadow_error_handler_for_capture]: X11 error: BadMatch (invalid parameter attributes) Error code: 8, request code: 49, minor code: 0
[13:11:18:457] [452076:0006e5ef] [ERROR][com.freerdp.server.shadow.x11] - [x11_shadow_error_handler_for_capture]: X11 error: BadMatch (invalid parameter attributes) Error code: 8, request code: 49, minor code: 0
[13:11:18:519] [452076:0006e5ef] [ERROR][com.freerdp.server.shadow.x11] - [x11_shadow_error_handler_for_capture]: X11 error: BadMatch (invalid parameter attributes) Error code: 8, request code: 49, minor code: 0
[13:11:18:580] [452076:0006e5ef] [ERROR][com.freerdp.server.shadow.x11] - [x11_shadow_error_handler_for_capture]: X11 error: BadMatch (invalid parameter attributes) Error code: 8, request code: 49, minor code: 0
[13:11:18:643] [452076:0006e5ef] [ERROR][com.freerdp.server.shadow.x11] - [x11_shadow_error_handler_for_capture]: X11 error: BadMatch (invalid parameter attributes) Error code: 8, request code: 49, minor code: 0
[13:11:18:704] [452076:0006e5ef] [ERROR][com.freerdp.server.shadow.x11] - [x11_shadow_error_handler_for_capture]: X11 error: BadMatch (invalid parameter attributes) Error code: 8, request code: 49, minor code: 0
[13:11:18:767] [452076:0006e5ef] [ERROR][com.freerdp.server.shadow.x11] - [x11_shadow_error_handler_for_capture]: X11 error: BadMatch (invalid parameter attributes) Error code: 8, request code: 49, minor code: 0
[13:11:18:828] [452076:0006e5ef] [ERROR][com.freerdp.server.shadow.x11] - [x11_shadow_error_handler_for_capture]: X11 error: BadMatch (invalid parameter attributes) Error code: 8, request code: 49, minor code: 0
[13:11:18:891] [452076:0006e5ef] [ERROR][com.freerdp.server.shadow.x11] - [x11_shadow_error_handler_for_capture]: X11 error: BadMatch (invalid parameter attributes) Error code: 8, request code: 49, minor code: 0
[13:11:18:953] [452076:0006e5ef] [ERROR][com.freerdp.server.shadow.x11] - [x11_shadow_error_handler_for_capture]: X11 error: BadMatch (invalid parameter attributes) Error code: 8, request code: 49, minor code: 0
[13:11:19:015] [452076:0006e5ef] [ERROR][com.freerdp.server.shadow.x11] - [x11_shadow_error_handler_for_capture]: X11 error: BadMatch (invalid parameter attributes) Error code: 8, request code: 49, minor code: 0
[13:11:19:077] [452076:0006e5ef] [ERROR][com.freerdp.server.shadow.x11] - [x11_shadow_error_handler_for_capture]: X11 error: BadMatch (invalid parameter attributes) Error code: 8, request code: 49, minor code: 0
[13:11:19:139] [452076:0006e5ef] [ERROR][com.freerdp.server.shadow.x11] - [x11_shadow_error_handler_for_capture]: X11 error: BadMatch (invalid parameter attributes) Error code: 8, request code: 49, minor code: 0
[13:11:19:201] [452076:0006e5ef] [ERROR][com.freerdp.server.shadow.x11] - [x11_shadow_error_handler_for_capture]: X11 error: BadMatch (invalid parameter attributes) Error code: 8, request code: 49, minor code: 0
[13:11:19:263] [452076:0006e5ef] [ERROR][com.freerdp.server.shadow.x11] - [x11_shadow_error_handler_for_capture]: X11 error: BadMatch (invalid parameter attributes) Error code: 8, request code: 49, minor code: 0
[13:11:19:325] [452076:0006e5ef] [ERROR][com.freerdp.server.shadow.x11] - [x11_shadow_error_handler_for_capture]: X11 error: BadMatch (invalid parameter attributes) Error code: 8, request code: 49, minor code: 0
[13:11:19:387] [452076:0006e5ef] [ERROR][com.freerdp.server.shadow.x11] - [x11_shadow_error_handler_for_capture]: X11 error: BadMatch (invalid parameter attributes) Error code: 8, request code: 49, minor code: 0
[13:11:19:448] [452076:0006e5ef] [ERROR][com.freerdp.server.shadow.x11] - [x11_shadow_error_handler_for_capture]: X11 error: BadMatch (invalid parameter attributes) Error code: 8, request code: 49, minor code: 0
[13:11:19:511] [452076:0006e5ef] [ERROR][com.freerdp.server.shadow.x11] - [x11_shadow_error_handler_for_capture]: X11 error: BadMatch (invalid parameter attributes) Error code: 8, request code: 49, minor code: 0
[13:11:19:573] [452076:0006e5ef] [ERROR][com.freerdp.server.shadow.x11] - [x11_shadow_error_handler_for_capture]: X11 error: BadMatch (invalid parameter attributes) Error code: 8, request code: 49, minor code: 0
[13:11:19:635] [452076:0006e5ef] [ERROR][com.freerdp.server.shadow.x11] - [x11_shadow_error_handler_for_capture]: X11 error: BadMatch (invalid parameter attributes) Error code: 8, request code: 49, minor code: 0
[13:11:19:697] [452076:0006e5ef] [ERROR][com.freerdp.server.shadow.x11] - [x11_shadow_error_handler_for_capture]: X11 error: BadMatch (invalid parameter attributes) Error code: 8, request code: 49, minor code: 0
[13:11:19:759] [452076:0006e5ef] [ERROR][com.freerdp.server.shadow.x11] - [x11_shadow_error_handler_for_capture]: X11 error: BadMatch (invalid parameter attributes) Error code: 8, request code: 49, minor code: 0
[13:11:19:821] [452076:0006e5ef] [ERROR][com.freerdp.server.shadow.x11] - [x11_shadow_error_handler_for_capture]: X11 error: BadMatch (invalid parameter attributes) Error code: 8, request code: 49, minor code: 0
[13:11:19:883] [452076:0006e5ef] [ERROR][com.freerdp.server.shadow.x11] - [x11_shadow_error_handler_for_capture]: X11 error: BadMatch (invalid parameter attributes) Error code: 8, request code: 49, minor code: 0
[13:11:19:945] [452076:0006e5ef] [ERROR][com.freerdp.server.shadow.x11] - [x11_shadow_error_handler_for_capture]: X11 error: BadMatch (invalid parameter attributes) Error code: 8, request code: 49, minor code: 0
[13:11:20:007] [452076:0006e5ef] [ERROR][com.freerdp.server.shadow.x11] - [x11_shadow_error_handler_for_capture]: X11 error: BadMatch (invalid parameter attributes) Error code: 8, request code: 49, minor code: 0
[13:11:20:068] [452076:0006e5ef] [ERROR][com.freerdp.server.shadow.x11] - [x11_shadow_error_handler_for_capture]: X11 error: BadMatch (invalid parameter attributes) Error code: 8, request code: 49, minor code: 0
[13:11:20:131] [452076:0006e5ef] [ERROR][com.freerdp.server.shadow.x11] - [x11_shadow_error_handler_for_capture]: X11 error: BadMatch (invalid parameter attributes) Error code: 8, request code: 49, minor code: 0
[13:11:20:193] [452076:0006e5ef] [ERROR][com.freerdp.server.shadow.x11] - [x11_shadow_error_handler_for_capture]: X11 error: BadMatch (invalid parameter attributes) Error code: 8, request code: 49, minor code: 0
[13:11:20:255] [452076:0006e5ef] [ERROR][com.freerdp.server.shadow.x11] - [x11_shadow_error_handler_for_capture]: X11 error: BadMatch (invalid parameter attributes) Error code: 8, request code: 49, minor code: 0
[13:11:20:317] [452076:0006e5ef] [ERROR][com.freerdp.server.shadow.x11] - [x11_shadow_error_handler_for_capture]: X11 error: BadMatch (invalid parameter attributes) Error code: 8, request code: 49, minor code: 0
[13:11:20:379] [452076:0006e5ef] [ERROR][com.freerdp.server.shadow.x11] - [x11_shadow_error_handler_for_capture]: X11 error: BadMatch (invalid parameter attributes) Error code: 8, request code: 49, minor code: 0
[13:11:20:441] [452076:0006e5ef] [ERROR][com.freerdp.server.shadow.x11] - [x11_shadow_error_handler_for_capture]: X11 error: BadMatch (invalid parameter attributes) Error code: 8, request code: 49, minor code: 0
[13:11:20:503] [452076:0006e5ef] [ERROR][com.freerdp.server.shadow.x11] - [x11_shadow_error_handler_for_capture]: X11 error: BadMatch (invalid parameter attributes) Error code: 8, request code: 49, minor code: 0
[13:11:20:565] [452076:0006e5ef] [ERROR][com.freerdp.server.shadow.x11] - [x11_shadow_error_handler_for_capture]: X11 error: BadMatch (invalid parameter attributes) Error code: 8, request code: 49, minor code: 0
[13:11:20:626] [452076:0006e5ef] [ERROR][com.freerdp.server.shadow.x11] - [x11_shadow_error_handler_for_capture]: X11 error: BadMatch (invalid parameter attributes) Error code: 8, request code: 49, minor code: 0
[13:11:20:689] [452076:0006e5ef] [ERROR][com.freerdp.server.shadow.x11] - [x11_shadow_error_handler_for_capture]: X11 error: BadMatch (invalid parameter attributes) Error code: 8, request code: 49, minor code: 0
[13:11:20:751] [452076:0006e5ef] [ERROR][com.freerdp.server.shadow.x11] - [x11_shadow_error_handler_for_capture]: X11 error: BadMatch (invalid parameter attributes) Error code: 8, request code: 49, minor code: 0
[13:11:20:813] [452076:0006e5ef] [ERROR][com.freerdp.server.shadow.x11] - [x11_shadow_error_handler_for_capture]: X11 error: BadMatch (invalid parameter attributes) Error code: 8, request code: 49, minor code: 0
[13:11:20:874] [452076:0006e5ef] [ERROR][com.freerdp.server.shadow.x11] - [x11_shadow_error_handler_for_capture]: X11 error: BadMatch (invalid parameter attributes) Error code: 8, request code: 49, minor code: 0
[13:11:20:937] [452076:0006e5ef] [ERROR][com.freerdp.server.shadow.x11] - [x11_shadow_error_handler_for_capture]: X11 error: BadMatch (invalid parameter attributes) Error code: 8, request code: 49, minor code: 0
[13:11:20:999] [452076:0006e5ef] [ERROR][com.freerdp.server.shadow.x11] - [x11_shadow_error_handler_for_capture]: X11 error: BadMatch (invalid parameter attributes) Error code: 8, request code: 49, minor code: 0
[13:11:21:061] [452076:0006e5ef] [ERROR][com.freerdp.server.shadow.x11] - [x11_shadow_error_handler_for_capture]: X11 error: BadMatch (invalid parameter attributes) Error code: 8, request code: 49, minor code: 0
[13:11:21:123] [452076:0006e5ef] [ERROR][com.freerdp.server.shadow.x11] - [x11_shadow_error_handler_for_capture]: X11 error: BadMatch (invalid parameter attributes) Error code: 8, request code: 49, minor code: 0
[13:11:21:185] [452076:0006e5ef] [ERROR][com.freerdp.server.shadow.x11] - [x11_shadow_error_handler_for_capture]: X11 error: BadMatch (invalid parameter attributes) Error code: 8, request code: 49, minor code: 0
[13:11:21:247] [452076:0006e5ef] [ERROR][com.freerdp.server.shadow.x11] - [x11_shadow_error_handler_for_capture]: X11 error: BadMatch (invalid parameter attributes) Error code: 8, request code: 49, minor code: 0
[13:11:21:308] [452076:0006e5ef] [ERROR][com.freerdp.server.shadow.x11] - [x11_shadow_error_handler_for_capture]: X11 error: BadMatch (invalid parameter attributes) Error code: 8, request code: 49, minor code: 0
[13:11:21:371] [452076:0006e5ef] [ERROR][com.freerdp.server.shadow.x11] - [x11_shadow_error_handler_for_capture]: X11 error: BadMatch (invalid parameter attributes) Error code: 8, request code: 49, minor code: 0
[13:11:21:432] [452076:0006e5ef] [ERROR][com.freerdp.server.shadow.x11] - [x11_shadow_error_handler_for_capture]: X11 error: BadMatch (invalid parameter attributes) Error code: 8, request code: 49, minor code: 0
[13:11:21:495] [452076:0006e5ef] [ERROR][com.freerdp.server.shadow.x11] - [x11_shadow_error_handler_for_capture]: X11 error: BadMatch (invalid parameter attributes) Error code: 8, request code: 49, minor code: 0
[13:11:21:557] [452076:0006e5ef] [ERROR][com.freerdp.server.shadow.x11] - [x11_shadow_error_handler_for_capture]: X11 error: BadMatch (invalid parameter attributes) Error code: 8, request code: 49, minor code: 0
[13:11:21:618] [452076:0006e5ef] [ERROR][com.freerdp.server.shadow.x11] - [x11_shadow_error_handler_for_capture]: X11 error: BadMatch (invalid parameter attributes) Error code: 8, request code: 49, minor code: 0
[13:11:21:681] [452076:0006e5ef] [ERROR][com.freerdp.server.shadow.x11] - [x11_shadow_error_handler_for_capture]: X11 error: BadMatch (invalid parameter attributes) Error code: 8, request code: 49, minor code: 0
[13:11:21:743] [452076:0006e5ef] [ERROR][com.freerdp.server.shadow.x11] - [x11_shadow_error_handler_for_capture]: X11 error: BadMatch (invalid parameter attributes) Error code: 8, request code: 49, minor code: 0
[13:11:21:804] [452076:0006e5ef] [ERROR][com.freerdp.server.shadow.x11] - [x11_shadow_error_handler_for_capture]: X11 error: BadMatch (invalid parameter attributes) Error code: 8, request code: 49, minor code: 0
[13:11:21:867] [452076:0006e5ef] [ERROR][com.freerdp.server.shadow.x11] - [x11_shadow_error_handler_for_capture]: X11 error: BadMatch (invalid parameter attributes) Error code: 8, request code: 49, minor code: 0
[13:11:21:929] [452076:0006e5ef] [ERROR][com.freerdp.server.shadow.x11] - [x11_shadow_error_handler_for_capture]: X11 error: BadMatch (invalid parameter attributes) Error code: 8, request code: 49, minor code: 0
[13:11:21:990] [452076:0006e5ef] [ERROR][com.freerdp.server.shadow.x11] - [x11_shadow_error_handler_for_capture]: X11 error: BadMatch (invalid parameter attributes) Error code: 8, request code: 49, minor code: 0
[13:11:22:053] [452076:0006e5ef] [ERROR][com.freerdp.server.shadow.x11] - [x11_shadow_error_handler_for_capture]: X11 error: BadMatch (invalid parameter attributes) Error code: 8, request code: 49, minor code: 0
[13:11:22:115] [452076:0006e5ef] [ERROR][com.freerdp.server.shadow.x11] - [x11_shadow_error_handler_for_capture]: X11 error: BadMatch (invalid parameter attributes) Error code: 8, request code: 49, minor code: 0
[13:11:22:176] [452076:0006e5ef] [ERROR][com.freerdp.server.shadow.x11] - [x11_shadow_error_handler_for_capture]: X11 error: BadMatch (invalid parameter attributes) Error code: 8, request code: 49, minor code: 0
[13:11:22:239] [452076:0006e5ef] [ERROR][com.freerdp.server.shadow.x11] - [x11_shadow_error_handler_for_capture]: X11 error: BadMatch (invalid parameter attributes) Error code: 8, request code: 49, minor code: 0
[13:11:22:300] [452076:0006e5ef] [ERROR][com.freerdp.server.shadow.x11] - [x11_shadow_error_handler_for_capture]: X11 error: BadMatch (invalid parameter attributes) Error code: 8, request code: 49, minor code: 0
[13:11:22:363] [452076:0006e5ef] [ERROR][com.freerdp.server.shadow.x11] - [x11_shadow_error_handler_for_capture]: X11 error: BadMatch (invalid parameter attributes) Error code: 8, request code: 49, minor code: 0
[13:11:22:425] [452076:0006e5ef] [ERROR][com.freerdp.server.shadow.x11] - [x11_shadow_error_handler_for_capture]: X11 error: BadMatch (invalid parameter attributes) Error code: 8, request code: 49, minor code: 0
[13:11:22:486] [452076:0006e5ef] [ERROR][com.freerdp.server.shadow.x11] - [x11_shadow_error_handler_for_capture]: X11 error: BadMatch (invalid parameter attributes) Error code: 8, request code: 49, minor code: 0
[13:11:22:549] [452076:0006e5ef] [ERROR][com.freerdp.server.shadow.x11] - [x11_shadow_error_handler_for_capture]: X11 error: BadMatch (invalid parameter attributes) Error code: 8, request code: 49, minor code: 0
[13:11:22:611] [452076:0006e5ef] [ERROR][com.freerdp.server.shadow.x11] - [x11_shadow_error_handler_for_capture]: X11 error: BadMatch (invalid parameter attributes) Error code: 8, request code: 49, minor code: 0
[13:11:22:672] [452076:0006e5ef] [ERROR][com.freerdp.server.shadow.x11] - [x11_shadow_error_handler_for_capture]: X11 error: BadMatch (invalid parameter attributes) Error code: 8, request code: 49, minor code: 0
[13:11:22:735] [452076:0006e5ef] [ERROR][com.freerdp.server.shadow.x11] - [x11_shadow_error_handler_for_capture]: X11 error: BadMatch (invalid parameter attributes) Error code: 8, request code: 49, minor code: 0
[13:11:22:797] [452076:0006e5ef] [ERROR][com.freerdp.server.shadow.x11] - [x11_shadow_error_handler_for_capture]: X11 error: BadMatch (invalid parameter attributes) Error code: 8, request code: 49, minor code: 0
[13:11:22:860] [452076:0006e5ef] [ERROR][com.freerdp.server.shadow.x11] - [x11_shadow_error_handler_for_capture]: X11 error: BadMatch (invalid parameter attributes) Error code: 8, request code: 49, minor code: 0
[13:11:22:921] [452076:0006e5ef] [ERROR][com.freerdp.server.shadow.x11] - [x11_shadow_error_handler_for_capture]: X11 error: BadMatch (invalid parameter attributes) Error code: 8, request code: 49, minor code: 0
[13:11:22:983] [452076:0006e5ef] [ERROR][com.freerdp.server.shadow.x11] - [x11_shadow_error_handler_for_capture]: X11 error: BadMatch (invalid parameter attributes) Error code: 8, request code: 49, minor code: 0
[13:11:23:044] [452076:0006e5ef] [ERROR][com.freerdp.server.shadow.x11] - [x11_shadow_error_handler_for_capture]: X11 error: BadMatch (invalid parameter attributes) Error code: 8, request code: 49, minor code: 0
[13:11:23:107] [452076:0006e5ef] [ERROR][com.freerdp.server.shadow.x11] - [x11_shadow_error_handler_for_capture]: X11 error: BadMatch (invalid parameter attributes) Error code: 8, request code: 49, minor code: 0
[13:11:23:169] [452076:0006e5ef] [ERROR][com.freerdp.server.shadow.x11] - [x11_shadow_error_handler_for_capture]: X11 error: BadMatch (invalid parameter attributes) Error code: 8, request code: 49, minor code: 0
[13:11:23:231] [452076:0006e5ef] [ERROR][com.freerdp.server.shadow.x11] - [x11_shadow_error_handler_for_capture]: X11 error: BadMatch (invalid parameter attributes) Error code: 8, request code: 49, minor code: 0
[13:11:23:292] [452076:0006e5ef] [ERROR][com.freerdp.server.shadow.x11] - [x11_shadow_error_handler_for_capture]: X11 error: BadMatch (invalid parameter attributes) Error code: 8, request code: 49, minor code: 0
[13:11:23:355] [452076:0006e5ef] [ERROR][com.freerdp.server.shadow.x11] - [x11_shadow_error_handler_for_capture]: X11 error: BadMatch (invalid parameter attributes) Error code: 8, request code: 49, minor code: 0
[13:11:23:417] [452076:0006e5ef] [ERROR][com.freerdp.server.shadow.x11] - [x11_shadow_error_handler_for_capture]: X11 error: BadMatch (invalid parameter attributes) Error code: 8, request code: 49, minor code: 0
[13:11:23:479] [452076:0006e5ef] [ERROR][com.freerdp.server.shadow.x11] - [x11_shadow_error_handler_for_capture]: X11 error: BadMatch (invalid parameter attributes) Error code: 8, request code: 49, minor code: 0
[13:11:23:541] [452076:0006e5ef] [ERROR][com.freerdp.server.shadow.x11] - [x11_shadow_error_handler_for_capture]: X11 error: BadMatch (invalid parameter attributes) Error code: 8, request code: 49, minor code: 0
[13:11:23:603] [452076:0006e5ef] [ERROR][com.freerdp.server.shadow.x11] - [x11_shadow_error_handler_for_capture]: X11 error: BadMatch (invalid parameter attributes) Error code: 8, request code: 49, minor code: 0
[13:11:23:665] [452076:0006e5ef] [ERROR][com.freerdp.server.shadow.x11] - [x11_shadow_error_handler_for_capture]: X11 error: BadMatch (invalid parameter attributes) Error code: 8, request code: 49, minor code: 0
[13:11:23:727] [452076:0006e5ef] [ERROR][com.freerdp.server.shadow.x11] - [x11_shadow_error_handler_for_capture]: X11 error: BadMatch (invalid parameter attributes) Error code: 8, request code: 49, minor code: 0
[13:11:23:789] [452076:0006e5ef] [ERROR][com.freerdp.server.shadow.x11] - [x11_shadow_error_handler_for_capture]: X11 error: BadMatch (invalid parameter attributes) Error code: 8, request code: 49, minor code: 0
[13:11:23:850] [452076:0006e5ef] [ERROR][com.freerdp.server.shadow.x11] - [x11_shadow_error_handler_for_capture]: X11 error: BadMatch (invalid parameter attributes) Error code: 8, request code: 49, minor code: 0
[13:11:23:913] [452076:0006e5ef] [ERROR][com.freerdp.server.shadow.x11] - [x11_shadow_error_handler_for_capture]: X11 error: BadMatch (invalid parameter attributes) Error code: 8, request code: 49, minor code: 0
[13:11:23:975] [452076:0006e5ef] [ERROR][com.freerdp.server.shadow.x11] - [x11_shadow_error_handler_for_capture]: X11 error: BadMatch (invalid parameter attributes) Error code: 8, request code: 49, minor code: 0
[13:11:24:036] [452076:0006e5ef] [ERROR][com.freerdp.server.shadow.x11] - [x11_shadow_error_handler_for_capture]: X11 error: BadMatch (invalid parameter attributes) Error code: 8, request code: 49, minor code: 0
[13:11:24:099] [452076:0006e5ef] [ERROR][com.freerdp.server.shadow.x11] - [x11_shadow_error_handler_for_capture]: X11 error: BadMatch (invalid parameter attributes) Error code: 8, request code: 49, minor code: 0
[13:11:24:160] [452076:0006e5ef] [ERROR][com.freerdp.server.shadow.x11] - [x11_shadow_error_handler_for_capture]: X11 error: BadMatch (invalid parameter attributes) Error code: 8, request code: 49, minor code: 0
[13:11:24:223] [452076:0006e5ef] [ERROR][com.freerdp.server.shadow.x11] - [x11_shadow_error_handler_for_capture]: X11 error: BadMatch (invalid parameter attributes) Error code: 8, request code: 49, minor code: 0
[13:11:24:284] [452076:0006e5ef] [ERROR][com.freerdp.server.shadow.x11] - [x11_shadow_error_handler_for_capture]: X11 error: BadMatch (invalid parameter attributes) Error code: 8, request code: 49, minor code: 0
[13:11:24:347] [452076:0006e5ef] [ERROR][com.freerdp.server.shadow.x11] - [x11_shadow_error_handler_for_capture]: X11 error: BadMatch (invalid parameter attributes) Error code: 8, request code: 49, minor code: 0
[13:11:24:409] [452076:0006e5ef] [ERROR][com.freerdp.server.shadow.x11] - [x11_shadow_error_handler_for_capture]: X11 error: BadMatch (invalid parameter attributes) Error code: 8, request code: 49, minor code: 0
[13:11:24:471] [452076:0006e5ef] [ERROR][com.freerdp.server.shadow.x11] - [x11_shadow_error_handler_for_capture]: X11 error: BadMatch (invalid parameter attributes) Error code: 8, request code: 49, minor code: 0
[13:11:24:532] [452076:0006e5ef] [ERROR][com.freerdp.server.shadow.x11] - [x11_shadow_error_handler_for_capture]: X11 error: BadMatch (invalid parameter attributes) Error code: 8, request code: 49, minor code: 0
[13:11:24:594] [452076:0006e5ef] [ERROR][com.freerdp.server.shadow.x11] - [x11_shadow_error_handler_for_capture]: X11 error: BadMatch (invalid parameter attributes) Error code: 8, request code: 49, minor code: 0
[13:11:24:657] [452076:0006e5ef] [ERROR][com.freerdp.server.shadow.x11] - [x11_shadow_error_handler_for_capture]: X11 error: BadMatch (invalid parameter attributes) Error code: 8, request code: 49, minor code: 0
[13:11:24:718] [452076:0006e5ef] [ERROR][com.freerdp.server.shadow.x11] - [x11_shadow_error_handler_for_capture]: X11 error: BadMatch (invalid parameter attributes) Error code: 8, request code: 49, minor code: 0
[13:11:24:781] [452076:0006e5ef] [ERROR][com.freerdp.server.shadow.x11] - [x11_shadow_error_handler_for_capture]: X11 error: BadMatch (invalid parameter attributes) Error code: 8, request code: 49, minor code: 0
[13:11:24:843] [452076:0006e5ef] [ERROR][com.freerdp.server.shadow.x11] - [x11_shadow_error_handler_for_capture]: X11 error: BadMatch (invalid parameter attributes) Error code: 8, request code: 49, minor code: 0
[13:11:24:905] [452076:0006e5ef] [ERROR][com.freerdp.server.shadow.x11] - [x11_shadow_error_handler_for_capture]: X11 error: BadMatch (invalid parameter attributes) Error code: 8, request code: 49, minor code: 0
[13:11:24:966] [452076:0006e5ef] [ERROR][com.freerdp.server.shadow.x11] - [x11_shadow_error_handler_for_capture]: X11 error: BadMatch (invalid parameter attributes) Error code: 8, request code: 49, minor code: 0
[13:11:25:029] [452076:0006e5ef] [ERROR][com.freerdp.server.shadow.x11] - [x11_shadow_error_handler_for_capture]: X11 error: BadMatch (invalid parameter attributes) Error code: 8, request code: 49, minor code: 0
[13:11:25:090] [452076:0006e5ef] [ERROR][com.freerdp.server.shadow.x11] - [x11_shadow_error_handler_for_capture]: X11 error: BadMatch (invalid parameter attributes) Error code: 8, request code: 49, minor code: 0
[13:11:25:153] [452076:0006e5ef] [ERROR][com.freerdp.server.shadow.x11] - [x11_shadow_error_handler_for_capture]: X11 error: BadMatch (invalid parameter attributes) Error code: 8, request code: 49, minor code: 0
[13:11:25:215] [452076:0006e5ef] [ERROR][com.freerdp.server.shadow.x11] - [x11_shadow_error_handler_for_capture]: X11 error: BadMatch (invalid parameter attributes) Error code: 8, request code: 49, minor code: 0
[13:11:25:276] [452076:0006e5ef] [ERROR][com.freerdp.server.shadow.x11] - [x11_shadow_error_handler_for_capture]: X11 error: BadMatch (invalid parameter attributes) Error code: 8, request code: 49, minor code: 0
[13:11:25:338] [452076:0006e5ef] [ERROR][com.freerdp.server.shadow.x11] - [x11_shadow_error_handler_for_capture]: X11 error: BadMatch (invalid parameter attributes) Error code: 8, request code: 49, minor code: 0
[13:11:25:401] [452076:0006e5ef] [ERROR][com.freerdp.server.shadow.x11] - [x11_shadow_error_handler_for_capture]: X11 error: BadMatch (invalid parameter attributes) Error code: 8, request code: 49, minor code: 0
[13:11:25:463] [452076:0006e5ef] [ERROR][com.freerdp.server.shadow.x11] - [x11_shadow_error_handler_for_capture]: X11 error: BadMatch (invalid parameter attributes) Error code: 8, request code: 49, minor code: 0
[13:11:25:524] [452076:0006e5ef] [ERROR][com.freerdp.server.shadow.x11] - [x11_shadow_error_handler_for_capture]: X11 error: BadMatch (invalid parameter attributes) Error code: 8, request code: 49, minor code: 0
[13:11:25:587] [452076:0006e5ef] [ERROR][com.freerdp.server.shadow.x11] - [x11_shadow_error_handler_for_capture]: X11 error: BadMatch (invalid parameter attributes) Error code: 8, request code: 49, minor code: 0
[13:11:25:648] [452076:0006e5ef] [ERROR][com.freerdp.server.shadow.x11] - [x11_shadow_error_handler_for_capture]: X11 error: BadMatch (invalid parameter attributes) Error code: 8, request code: 49, minor code: 0
[13:11:25:710] [452076:0006e5ef] [ERROR][com.freerdp.server.shadow.x11] - [x11_shadow_error_handler_for_capture]: X11 error: BadMatch (invalid parameter attributes) Error code: 8, request code: 49, minor code: 0
[13:11:25:773] [452076:0006e5ef] [ERROR][com.freerdp.server.shadow.x11] - [x11_shadow_error_handler_for_capture]: X11 error: BadMatch (invalid parameter attributes) Error code: 8, request code: 49, minor code: 0
[13:11:25:835] [452076:0006e5ef] [ERROR][com.freerdp.server.shadow.x11] - [x11_shadow_error_handler_for_capture]: X11 error: BadMatch (invalid parameter attributes) Error code: 8, request code: 49, minor code: 0
[13:11:25:896] [452076:0006e5ef] [ERROR][com.freerdp.server.shadow.x11] - [x11_shadow_error_handler_for_capture]: X11 error: BadMatch (invalid parameter attributes) Error code: 8, request code: 49, minor code: 0
[13:11:25:959] [452076:0006e5ef] [ERROR][com.freerdp.server.shadow.x11] - [x11_shadow_error_handler_for_capture]: X11 error: BadMatch (invalid parameter attributes) Error code: 8, request code: 49, minor code: 0
[13:11:26:021] [452076:0006e5ef] [ERROR][com.freerdp.server.shadow.x11] - [x11_shadow_error_handler_for_capture]: X11 error: BadMatch (invalid parameter attributes) Error code: 8, request code: 49, minor code: 0
[13:11:26:082] [452076:0006e5ef] [ERROR][com.freerdp.server.shadow.x11] - [x11_shadow_error_handler_for_capture]: X11 error: BadMatch (invalid parameter attributes) Error code: 8, request code: 49, minor code: 0
[13:11:26:144] [452076:0006e5ef] [ERROR][com.freerdp.server.shadow.x11] - [x11_shadow_error_handler_for_capture]: X11 error: BadMatch (invalid parameter attributes) Error code: 8, request code: 49, minor code: 0
[13:11:26:207] [452076:0006e5ef] [ERROR][com.freerdp.server.shadow.x11] - [x11_shadow_error_handler_for_capture]: X11 error: BadMatch (invalid parameter attributes) Error code: 8, request code: 49, minor code: 0
[13:11:26:268] [452076:0006e5ef] [ERROR][com.freerdp.server.shadow.x11] - [x11_shadow_error_handler_for_capture]: X11 error: BadMatch (invalid parameter attributes) Error code: 8, request code: 49, minor code: 0
[13:11:26:330] [452076:0006e5ef] [ERROR][com.freerdp.server.shadow.x11] - [x11_shadow_error_handler_for_capture]: X11 error: BadMatch (invalid parameter attributes) Error code: 8, request code: 49, minor code: 0
[13:11:26:393] [452076:0006e5ef] [ERROR][com.freerdp.server.shadow.x11] - [x11_shadow_error_handler_for_capture]: X11 error: BadMatch (invalid parameter attributes) Error code: 8, request code: 49, minor code: 0
[13:11:26:455] [452076:0006e5ef] [ERROR][com.freerdp.server.shadow.x11] - [x11_shadow_error_handler_for_capture]: X11 error: BadMatch (invalid parameter attributes) Error code: 8, request code: 49, minor code: 0
[13:11:26:517] [452076:0006e5ef] [ERROR][com.freerdp.server.shadow.x11] - [x11_shadow_error_handler_for_capture]: X11 error: BadMatch (invalid parameter attributes) Error code: 8, request code: 49, minor code: 0
[13:11:26:579] [452076:0006e5ef] [ERROR][com.freerdp.server.shadow.x11] - [x11_shadow_error_handler_for_capture]: X11 error: BadMatch (invalid parameter attributes) Error code: 8, request code: 49, minor code: 0
[13:11:26:640] [452076:0006e5ef] [ERROR][com.freerdp.server.shadow.x11] - [x11_shadow_error_handler_for_capture]: X11 error: BadMatch (invalid parameter attributes) Error code: 8, request code: 49, minor code: 0
[13:11:26:703] [452076:0006e5ef] [ERROR][com.freerdp.server.shadow.x11] - [x11_shadow_error_handler_for_capture]: X11 error: BadMatch (invalid parameter attributes) Error code: 8, request code: 49, minor code: 0
[13:11:26:765] [452076:0006e5ef] [ERROR][com.freerdp.server.shadow.x11] - [x11_shadow_error_handler_for_capture]: X11 error: BadMatch (invalid parameter attributes) Error code: 8, request code: 49, minor code: 0
[13:11:26:827] [452076:0006e5ef] [ERROR][com.freerdp.server.shadow.x11] - [x11_shadow_error_handler_for_capture]: X11 error: BadMatch (invalid parameter attributes) Error code: 8, request code: 49, minor code: 0
[13:11:26:889] [452076:0006e5ef] [ERROR][com.freerdp.server.shadow.x11] - [x11_shadow_error_handler_for_capture]: X11 error: BadMatch (invalid parameter attributes) Error code: 8, request code: 49, minor code: 0
[13:11:26:950] [452076:0006e5ef] [ERROR][com.freerdp.server.shadow.x11] - [x11_shadow_error_handler_for_capture]: X11 error: BadMatch (invalid parameter attributes) Error code: 8, request code: 49, minor code: 0
[13:11:27:013] [452076:0006e5ef] [ERROR][com.freerdp.server.shadow.x11] - [x11_shadow_error_handler_for_capture]: X11 error: BadMatch (invalid parameter attributes) Error code: 8, request code: 49, minor code: 0
[13:11:27:074] [452076:0006e5ef] [ERROR][com.freerdp.server.shadow.x11] - [x11_shadow_error_handler_for_capture]: X11 error: BadMatch (invalid parameter attributes) Error code: 8, request code: 49, minor code: 0
[13:11:27:137] [452076:0006e5ef] [ERROR][com.freerdp.server.shadow.x11] - [x11_shadow_error_handler_for_capture]: X11 error: BadMatch (invalid parameter attributes) Error code: 8, request code: 49, minor code: 0
[13:11:27:198] [452076:0006e5ef] [ERROR][com.freerdp.server.shadow.x11] - [x11_shadow_error_handler_for_capture]: X11 error: BadMatch (invalid parameter attributes) Error code: 8, request code: 49, minor code: 0
[13:11:27:261] [452076:0006e5ef] [ERROR][com.freerdp.server.shadow.x11] - [x11_shadow_error_handler_for_capture]: X11 error: BadMatch (invalid parameter attributes) Error code: 8, request code: 49, minor code: 0
[13:11:27:323] [452076:0006e5ef] [ERROR][com.freerdp.server.shadow.x11] - [x11_shadow_error_handler_for_capture]: X11 error: BadMatch (invalid parameter attributes) Error code: 8, request code: 49, minor code: 0
[13:11:27:384] [452076:0006e5ef] [ERROR][com.freerdp.server.shadow.x11] - [x11_shadow_error_handler_for_capture]: X11 error: BadMatch (invalid parameter attributes) Error code: 8, request code: 49, minor code: 0
[13:11:27:447] [452076:0006e5ef] [ERROR][com.freerdp.server.shadow.x11] - [x11_shadow_error_handler_for_capture]: X11 error: BadMatch (invalid parameter attributes) Error code: 8, request code: 49, minor code: 0
[13:11:27:509] [452076:0006e5ef] [ERROR][com.freerdp.server.shadow.x11] - [x11_shadow_error_handler_for_capture]: X11 error: BadMatch (invalid parameter attributes) Error code: 8, request code: 49, minor code: 0
[13:11:27:570] [452076:0006e5ef] [ERROR][com.freerdp.server.shadow.x11] - [x11_shadow_error_handler_for_capture]: X11 error: BadMatch (invalid parameter attributes) Error code: 8, request code: 49, minor code: 0
[13:11:27:633] [452076:0006e5ef] [ERROR][com.freerdp.server.shadow.x11] - [x11_shadow_error_handler_for_capture]: X11 error: BadMatch (invalid parameter attributes) Error code: 8, request code: 49, minor code: 0
[13:11:27:694] [452076:0006e5ef] [ERROR][com.freerdp.server.shadow.x11] - [x11_shadow_error_handler_for_capture]: X11 error: BadMatch (invalid parameter attributes) Error code: 8, request code: 49, minor code: 0
[13:11:27:757] [452076:0006e5ef] [ERROR][com.freerdp.server.shadow.x11] - [x11_shadow_error_handler_for_capture]: X11 error: BadMatch (invalid parameter attributes) Error code: 8, request code: 49, minor code: 0
[13:11:27:818] [452076:0006e5ef] [ERROR][com.freerdp.server.shadow.x11] - [x11_shadow_error_handler_for_capture]: X11 error: BadMatch (invalid parameter attributes) Error code: 8, request code: 49, minor code: 0
[13:11:27:881] [452076:0006e5ef] [ERROR][com.freerdp.server.shadow.x11] - [x11_shadow_error_handler_for_capture]: X11 error: BadMatch (invalid parameter attributes) Error code: 8, request code: 49, minor code: 0
[13:11:27:942] [452076:0006e5ef] [ERROR][com.freerdp.server.shadow.x11] - [x11_shadow_error_handler_for_capture]: X11 error: BadMatch (invalid parameter attributes) Error code: 8, request code: 49, minor code: 0
[13:11:28:005] [452076:0006e5ef] [ERROR][com.freerdp.server.shadow.x11] - [x11_shadow_error_handler_for_capture]: X11 error: BadMatch (invalid parameter attributes) Error code: 8, request code: 49, minor code: 0
[13:11:28:067] [452076:0006e5ef] [ERROR][com.freerdp.server.shadow.x11] - [x11_shadow_error_handler_for_capture]: X11 error: BadMatch (invalid parameter attributes) Error code: 8, request code: 49, minor code: 0
[13:11:28:128] [452076:0006e5ef] [ERROR][com.freerdp.server.shadow.x11] - [x11_shadow_error_handler_for_capture]: X11 error: BadMatch (invalid parameter attributes) Error code: 8, request code: 49, minor code: 0
[13:11:28:191] [452076:0006e5ef] [ERROR][com.freerdp.server.shadow.x11] - [x11_shadow_error_handler_for_capture]: X11 error: BadMatch (invalid parameter attributes) Error code: 8, request code: 49, minor code: 0
[13:11:28:253] [452076:0006e5ef] [ERROR][com.freerdp.server.shadow.x11] - [x11_shadow_error_handler_for_capture]: X11 error: BadMatch (invalid parameter attributes) Error code: 8, request code: 49, minor code: 0
[13:11:28:315] [452076:0006e5ef] [ERROR][com.freerdp.server.shadow.x11] - [x11_shadow_error_handler_for_capture]: X11 error: BadMatch (invalid parameter attributes) Error code: 8, request code: 49, minor code: 0
[13:11:28:377] [452076:0006e5ef] [ERROR][com.freerdp.server.shadow.x11] - [x11_shadow_error_handler_for_capture]: X11 error: BadMatch (invalid parameter attributes) Error code: 8, request code: 49, minor code: 0
[13:11:28:438] [452076:0006e5ef] [ERROR][com.freerdp.server.shadow.x11] - [x11_shadow_error_handler_for_capture]: X11 error: BadMatch (invalid parameter attributes) Error code: 8, request code: 49, minor code: 0
[13:11:28:501] [452076:0006e5ef] [ERROR][com.freerdp.server.shadow.x11] - [x11_shadow_error_handler_for_capture]: X11 error: BadMatch (invalid parameter attributes) Error code: 8, request code: 49, minor code: 0
[13:11:28:563] [452076:0006e5ef] [ERROR][com.freerdp.server.shadow.x11] - [x11_shadow_error_handler_for_capture]: X11 error: BadMatch (invalid parameter attributes) Error code: 8, request code: 49, minor code: 0
[13:11:28:624] [452076:0006e5ef] [ERROR][com.freerdp.server.shadow.x11] - [x11_shadow_error_handler_for_capture]: X11 error: BadMatch (invalid parameter attributes) Error code: 8, request code: 49, minor code: 0
[13:11:28:687] [452076:0006e5ef] [ERROR][com.freerdp.server.shadow.x11] - [x11_shadow_error_handler_for_capture]: X11 error: BadMatch (invalid parameter attributes) Error code: 8, request code: 49, minor code: 0
[13:11:28:749] [452076:0006e5ef] [ERROR][com.freerdp.server.shadow.x11] - [x11_shadow_error_handler_for_capture]: X11 error: BadMatch (invalid parameter attributes) Error code: 8, request code: 49, minor code: 0
[13:11:28:811] [452076:0006e5ef] [ERROR][com.freerdp.server.shadow.x11] - [x11_shadow_error_handler_for_capture]: X11 error: BadMatch (invalid parameter attributes) Error code: 8, request code: 49, minor code: 0
[13:11:28:873] [452076:0006e5ef] [ERROR][com.freerdp.server.shadow.x11] - [x11_shadow_error_handler_for_capture]: X11 error: BadMatch (invalid parameter attributes) Error code: 8, request code: 49, minor code: 0
[13:11:28:935] [452076:0006e5ef] [ERROR][com.freerdp.server.shadow.x11] - [x11_shadow_error_handler_for_capture]: X11 error: BadMatch (invalid parameter attributes) Error code: 8, request code: 49, minor code: 0
[13:11:28:996] [452076:0006e5ef] [ERROR][com.freerdp.server.shadow.x11] - [x11_shadow_error_handler_for_capture]: X11 error: BadMatch (invalid parameter attributes) Error code: 8, request code: 49, minor code: 0
[13:11:29:059] [452076:0006e5ef] [ERROR][com.freerdp.server.shadow.x11] - [x11_shadow_error_handler_for_capture]: X11 error: BadMatch (invalid parameter attributes) Error code: 8, request code: 49, minor code: 0
[13:11:29:121] [452076:0006e5ef] [ERROR][com.freerdp.server.shadow.x11] - [x11_shadow_error_handler_for_capture]: X11 error: BadMatch (invalid parameter attributes) Error code: 8, request code: 49, minor code: 0
[13:11:29:183] [452076:0006e5ef] [ERROR][com.freerdp.server.shadow.x11] - [x11_shadow_error_handler_for_capture]: X11 error: BadMatch (invalid parameter attributes) Error code: 8, request code: 49, minor code: 0
[13:11:29:185] [452076:0006e5fc] [ERROR][com.freerdp.core.transport] - [transport_read_layer]: BIO_read retries exceeded
[13:11:29:185] [452076:0006e5fc] [ERROR][com.freerdp.core.peer] - [transport_read_layer]: ERRCONNECT_CONNECT_TRANSPORT_FAILED [0x0002000D]
[13:11:29:185] [452076:0006e5fc] [ERROR][com.freerdp.core.nla] - [nla_server_recv_stream]: nla_recv() error: -1
[13:11:29:186] [452076:0006e5fc] [ERROR][com.freerdp.core.transport] - [transport_accept_nla]: client authentication failure
[13:11:29:186] [452076:0006e5fc] [ERROR][com.freerdp.core.peer] - [peer_recv_callback_internal]: CONNECTION_STATE_NEGO - rdp_server_accept_nego() fail
[13:11:29:186] [452076:0006e5fc] [ERROR][com.freerdp.core.transport] - [transport_check_fds]: transport_check_fds: transport->ReceiveCallback() - STATE_RUN_FAILED [-1]
[13:11:29:186] [452076:0006e5fc] [ERROR][com.freerdp.client.shadow] - [shadow_client_thread]: Failed to check FreeRDP file descriptor
[13:12:43:086] [452076:0006e5ef] [ERROR][com.freerdp.server.shadow.x11] - [x11_shadow_error_handler_for_capture]: X11 error: BadMatch (invalid parameter attributes) Error code: 8, request code: 49, minor code: 0
[13:12:43:148] [452076:0006e5ef] [ERROR][com.freerdp.server.shadow.x11] - [x11_shadow_error_handler_for_capture]: X11 error: BadMatch (invalid parameter attributes) Error code: 8, request code: 49, minor code: 0
[13:12:43:210] [452076:0006e5ef] [ERROR][com.freerdp.server.shadow.x11] - [x11_shadow_error_handler_for_capture]: X11 error: BadMatch (invalid parameter attributes) Error code: 8, request code: 49, minor code: 0
[13:12:43:272] [452076:0006e5ef] [ERROR][com.freerdp.server.shadow.x11] - [x11_shadow_error_handler_for_capture]: X11 error: BadMatch (invalid parameter attributes) Error code: 8, request code: 49, minor code: 0
[13:12:43:334] [452076:0006e5ef] [ERROR][com.freerdp.server.shadow.x11] - [x11_shadow_error_handler_for_capture]: X11 error: BadMatch (invalid parameter attributes) Error code: 8, request code: 49, minor code: 0
[13:12:43:396] [452076:0006e5ef] [ERROR][com.freerdp.server.shadow.x11] - [x11_shadow_error_handler_for_capture]: X11 error: BadMatch (invalid parameter attributes) Error code: 8, request code: 49, minor code: 0
[13:12:43:458] [452076:0006e5ef] [ERROR][com.freerdp.server.shadow.x11] - [x11_shadow_error_handler_for_capture]: X11 error: BadMatch (invalid parameter attributes) Error code: 8, request code: 49, minor code: 0
[13:12:43:520] [452076:0006e5ef] [ERROR][com.freerdp.server.shadow.x11] - [x11_shadow_error_handler_for_capture]: X11 error: BadMatch (invalid parameter attributes) Error code: 8, request code: 49, minor code: 0
[13:12:43:582] [452076:0006e5ef] [ERROR][com.freerdp.server.shadow.x11] - [x11_shadow_error_handler_for_capture]: X11 error: BadMatch (invalid parameter attributes) Error code: 8, request code: 49, minor code: 0
[13:12:43:644] [452076:0006e5ef] [ERROR][com.freerdp.server.shadow.x11] - [x11_shadow_error_handler_for_capture]: X11 error: BadMatch (invalid parameter attributes) Error code: 8, request code: 49, minor code: 0
[13:12:43:706] [452076:0006e5ef] [ERROR][com.freerdp.server.shadow.x11] - [x11_shadow_error_handler_for_capture]: X11 error: BadMatch (invalid parameter attributes) Error code: 8, request code: 49, minor code: 0
[13:12:43:768] [452076:0006e5ef] [ERROR][com.freerdp.server.shadow.x11] - [x11_shadow_error_handler_for_capture]: X11 error: BadMatch (invalid parameter attributes) Error code: 8, request code: 49, minor code: 0
[13:12:43:830] [452076:0006e5ef] [ERROR][com.freerdp.server.shadow.x11] - [x11_shadow_error_handler_for_capture]: X11 error: BadMatch (invalid parameter attributes) Error code: 8, request code: 49, minor code: 0
[13:12:43:893] [452076:0006e5ef] [ERROR][com.freerdp.server.shadow.x11] - [x11_shadow_error_handler_for_capture]: X11 error: BadMatch (invalid parameter attributes) Error code: 8, request code: 49, minor code: 0
[13:12:43:954] [452076:0006e5ef] [ERROR][com.freerdp.server.shadow.x11] - [x11_shadow_error_handler_for_capture]: X11 error: BadMatch (invalid parameter attributes) Error code: 8, request code: 49, minor code: 0
[13:12:44:016] [452076:0006e5ef] [ERROR][com.freerdp.server.shadow.x11] - [x11_shadow_error_handler_for_capture]: X11 error: BadMatch (invalid parameter attributes) Error code: 8, request code: 49, minor code: 0
[13:12:44:078] [452076:0006e5ef] [ERROR][com.freerdp.server.shadow.x11] - [x11_shadow_error_handler_for_capture]: X11 error: BadMatch (invalid parameter attributes) Error code: 8, request code: 49, minor code: 0
[13:12:44:140] [452076:0006e5ef] [ERROR][com.freerdp.server.shadow.x11] - [x11_shadow_error_handler_for_capture]: X11 error: BadMatch (invalid parameter attributes) Error code: 8, request code: 49, minor code: 0
[13:12:44:202] [452076:0006e5ef] [ERROR][com.freerdp.server.shadow.x11] - [x11_shadow_error_handler_for_capture]: X11 error: BadMatch (invalid parameter attributes) Error code: 8, request code: 49, minor code: 0
[13:12:44:264] [452076:0006e5ef] [ERROR][com.freerdp.server.shadow.x11] - [x11_shadow_error_handler_for_capture]: X11 error: BadMatch (invalid parameter attributes) Error code: 8, request code: 49, minor code: 0
[13:12:44:326] [452076:0006e5ef] [ERROR][com.freerdp.server.shadow.x11] - [x11_shadow_error_handler_for_capture]: X11 error: BadMatch (invalid parameter attributes) Error code: 8, request code: 49, minor code: 0
[13:12:44:387] [452076:0006e5ef] [ERROR][com.freerdp.server.shadow.x11] - [x11_shadow_error_handler_for_capture]: X11 error: BadMatch (invalid parameter attributes) Error code: 8, request code: 49, minor code: 0
[13:12:44:450] [452076:0006e5ef] [ERROR][com.freerdp.server.shadow.x11] - [x11_shadow_error_handler_for_capture]: X11 error: BadMatch (invalid parameter attributes) Error code: 8, request code: 49, minor code: 0
[13:12:44:512] [452076:0006e5ef] [ERROR][com.freerdp.server.shadow.x11] - [x11_shadow_error_handler_for_capture]: X11 error: BadMatch (invalid parameter attributes) Error code: 8, request code: 49, minor code: 0
[13:12:44:574] [452076:0006e5ef] [ERROR][com.freerdp.server.shadow.x11] - [x11_shadow_error_handler_for_capture]: X11 error: BadMatch (invalid parameter attributes) Error code: 8, request code: 49, minor code: 0
[13:12:44:637] [452076:0006e5ef] [ERROR][com.freerdp.server.shadow.x11] - [x11_shadow_error_handler_for_capture]: X11 error: BadMatch (invalid parameter attributes) Error code: 8, request code: 49, minor code: 0
[13:12:44:698] [452076:0006e5ef] [ERROR][com.freerdp.server.shadow.x11] - [x11_shadow_error_handler_for_capture]: X11 error: BadMatch (invalid parameter attributes) Error code: 8, request code: 49, minor code: 0
[13:12:44:760] [452076:0006e5ef] [ERROR][com.freerdp.server.shadow.x11] - [x11_shadow_error_handler_for_capture]: X11 error: BadMatch (invalid parameter attributes) Error code: 8, request code: 49, minor code: 0
[13:12:44:821] [452076:0006e5ef] [ERROR][com.freerdp.server.shadow.x11] - [x11_shadow_error_handler_for_capture]: X11 error: BadMatch (invalid parameter attributes) Error code: 8, request code: 49, minor code: 0
[13:12:44:884] [452076:0006e5ef] [ERROR][com.freerdp.server.shadow.x11] - [x11_shadow_error_handler_for_capture]: X11 error: BadMatch (invalid parameter attributes) Error code: 8, request code: 49, minor code: 0
[13:12:44:946] [452076:0006e5ef] [ERROR][com.freerdp.server.shadow.x11] - [x11_shadow_error_handler_for_capture]: X11 error: BadMatch (invalid parameter attributes) Error code: 8, request code: 49, minor code: 0
[13:12:45:008] [452076:0006e5ef] [ERROR][com.freerdp.server.shadow.x11] - [x11_shadow_error_handler_for_capture]: X11 error: BadMatch (invalid parameter attributes) Error code: 8, request code: 49, minor code: 0
[13:12:45:070] [452076:0006e5ef] [ERROR][com.freerdp.server.shadow.x11] - [x11_shadow_error_handler_for_capture]: X11 error: BadMatch (invalid parameter attributes) Error code: 8, request code: 49, minor code: 0
[13:12:45:132] [452076:0006e5ef] [ERROR][com.freerdp.server.shadow.x11] - [x11_shadow_error_handler_for_capture]: X11 error: BadMatch (invalid parameter attributes) Error code: 8, request code: 49, minor code: 0
[13:12:45:194] [452076:0006e5ef] [ERROR][com.freerdp.server.shadow.x11] - [x11_shadow_error_handler_for_capture]: X11 error: BadMatch (invalid parameter attributes) Error code: 8, request code: 49, minor code: 0
[13:12:45:256] [452076:0006e5ef] [ERROR][com.freerdp.server.shadow.x11] - [x11_shadow_error_handler_for_capture]: X11 error: BadMatch (invalid parameter attributes) Error code: 8, request code: 49, minor code: 0
[13:12:45:318] [452076:0006e5ef] [ERROR][com.freerdp.server.shadow.x11] - [x11_shadow_error_handler_for_capture]: X11 error: BadMatch (invalid parameter attributes) Error code: 8, request code: 49, minor code: 0
[13:12:45:379] [452076:0006e5ef] [ERROR][com.freerdp.server.shadow.x11] - [x11_shadow_error_handler_for_capture]: X11 error: BadMatch (invalid parameter attributes) Error code: 8, request code: 49, minor code: 0
[13:12:45:442] [452076:0006e5ef] [ERROR][com.freerdp.server.shadow.x11] - [x11_shadow_error_handler_for_capture]: X11 error: BadMatch (invalid parameter attributes) Error code: 8, request code: 49, minor code: 0
[13:12:45:504] [452076:0006e5ef] [ERROR][com.freerdp.server.shadow.x11] - [x11_shadow_error_handler_for_capture]: X11 error: BadMatch (invalid parameter attributes) Error code: 8, request code: 49, minor code: 0
[13:12:45:566] [452076:0006e5ef] [ERROR][com.freerdp.server.shadow.x11] - [x11_shadow_error_handler_for_capture]: X11 error: BadMatch (invalid parameter attributes) Error code: 8, request code: 49, minor code: 0
[13:12:45:628] [452076:0006e5ef] [ERROR][com.freerdp.server.shadow.x11] - [x11_shadow_error_handler_for_capture]: X11 error: BadMatch (invalid parameter attributes) Error code: 8, request code: 49, minor code: 0
[13:12:45:690] [452076:0006e5ef] [ERROR][com.freerdp.server.shadow.x11] - [x11_shadow_error_handler_for_capture]: X11 error: BadMatch (invalid parameter attributes) Error code: 8, request code: 49, minor code: 0
[13:12:45:752] [452076:0006e5ef] [ERROR][com.freerdp.server.shadow.x11] - [x11_shadow_error_handler_for_capture]: X11 error: BadMatch (invalid parameter attributes) Error code: 8, request code: 49, minor code: 0
[13:12:45:814] [452076:0006e5ef] [ERROR][com.freerdp.server.shadow.x11] - [x11_shadow_error_handler_for_capture]: X11 error: BadMatch (invalid parameter attributes) Error code: 8, request code: 49, minor code: 0
[13:12:45:876] [452076:0006e5ef] [ERROR][com.freerdp.server.shadow.x11] - [x11_shadow_error_handler_for_capture]: X11 error: BadMatch (invalid parameter attributes) Error code: 8, request code: 49, minor code: 0
[13:12:45:938] [452076:0006e5ef] [ERROR][com.freerdp.server.shadow.x11] - [x11_shadow_error_handler_for_capture]: X11 error: BadMatch (invalid parameter attributes) Error code: 8, request code: 49, minor code: 0
[13:12:46:000] [452076:0006e5ef] [ERROR][com.freerdp.server.shadow.x11] - [x11_shadow_error_handler_for_capture]: X11 error: BadMatch (invalid parameter attributes) Error code: 8, request code: 49, minor code: 0
[13:12:46:061] [452076:0006e5ef] [ERROR][com.freerdp.server.shadow.x11] - [x11_shadow_error_handler_for_capture]: X11 error: BadMatch (invalid parameter attributes) Error code: 8, request code: 49, minor code: 0
[13:12:46:124] [452076:0006e5ef] [ERROR][com.freerdp.server.shadow.x11] - [x11_shadow_error_handler_for_capture]: X11 error: BadMatch (invalid parameter attributes) Error code: 8, request code: 49, minor code: 0
[13:12:46:186] [452076:0006e5ef] [ERROR][com.freerdp.server.shadow.x11] - [x11_shadow_error_handler_for_capture]: X11 error: BadMatch (invalid parameter attributes) Error code: 8, request code: 49, minor code: 0
[13:12:46:248] [452076:0006e5ef] [ERROR][com.freerdp.server.shadow.x11] - [x11_shadow_error_handler_for_capture]: X11 error: BadMatch (invalid parameter attributes) Error code: 8, request code: 49, minor code: 0
[13:12:46:310] [452076:0006e5ef] [ERROR][com.freerdp.server.shadow.x11] - [x11_shadow_error_handler_for_capture]: X11 error: BadMatch (invalid parameter attributes) Error code: 8, request code: 49, minor code: 0
[13:12:46:372] [452076:0006e5ef] [ERROR][com.freerdp.server.shadow.x11] - [x11_shadow_error_handler_for_capture]: X11 error: BadMatch (invalid parameter attributes) Error code: 8, request code: 49, minor code: 0
[13:12:46:434] [452076:0006e5ef] [ERROR][com.freerdp.server.shadow.x11] - [x11_shadow_error_handler_for_capture]: X11 error: BadMatch (invalid parameter attributes) Error code: 8, request code: 49, minor code: 0
[13:12:46:495] [452076:0006e5ef] [ERROR][com.freerdp.server.shadow.x11] - [x11_shadow_error_handler_for_capture]: X11 error: BadMatch (invalid parameter attributes) Error code: 8, request code: 49, minor code: 0
[13:12:46:558] [452076:0006e5ef] [ERROR][com.freerdp.server.shadow.x11] - [x11_shadow_error_handler_for_capture]: X11 error: BadMatch (invalid parameter attributes) Error code: 8, request code: 49, minor code: 0
[13:12:46:620] [452076:0006e5ef] [ERROR][com.freerdp.server.shadow.x11] - [x11_shadow_error_handler_for_capture]: X11 error: BadMatch (invalid parameter attributes) Error code: 8, request code: 49, minor code: 0
[13:12:46:682] [452076:0006e5ef] [ERROR][com.freerdp.server.shadow.x11] - [x11_shadow_error_handler_for_capture]: X11 error: BadMatch (invalid parameter attributes) Error code: 8, request code: 49, minor code: 0
[13:12:46:744] [452076:0006e5ef] [ERROR][com.freerdp.server.shadow.x11] - [x11_shadow_error_handler_for_capture]: X11 error: BadMatch (invalid parameter attributes) Error code: 8, request code: 49, minor code: 0
[13:12:46:806] [452076:0006e5ef] [ERROR][com.freerdp.server.shadow.x11] - [x11_shadow_error_handler_for_capture]: X11 error: BadMatch (invalid parameter attributes) Error code: 8, request code: 49, minor code: 0
[13:12:46:868] [452076:0006e5ef] [ERROR][com.freerdp.server.shadow.x11] - [x11_shadow_error_handler_for_capture]: X11 error: BadMatch (invalid parameter attributes) Error code: 8, request code: 49, minor code: 0
[13:12:46:930] [452076:0006e5ef] [ERROR][com.freerdp.server.shadow.x11] - [x11_shadow_error_handler_for_capture]: X11 error: BadMatch (invalid parameter attributes) Error code: 8, request code: 49, minor code: 0
[13:12:46:992] [452076:0006e5ef] [ERROR][com.freerdp.server.shadow.x11] - [x11_shadow_error_handler_for_capture]: X11 error: BadMatch (invalid parameter attributes) Error code: 8, request code: 49, minor code: 0
[13:12:47:054] [452076:0006e5ef] [ERROR][com.freerdp.server.shadow.x11] - [x11_shadow_error_handler_for_capture]: X11 error: BadMatch (invalid parameter attributes) Error code: 8, request code: 49, minor code: 0
[13:12:47:116] [452076:0006e5ef] [ERROR][com.freerdp.server.shadow.x11] - [x11_shadow_error_handler_for_capture]: X11 error: BadMatch (invalid parameter attributes) Error code: 8, request code: 49, minor code: 0
[13:12:47:178] [452076:0006e5ef] [ERROR][com.freerdp.server.shadow.x11] - [x11_shadow_error_handler_for_capture]: X11 error: BadMatch (invalid parameter attributes) Error code: 8, request code: 49, minor code: 0
[13:12:47:240] [452076:0006e5ef] [ERROR][com.freerdp.server.shadow.x11] - [x11_shadow_error_handler_for_capture]: X11 error: BadMatch (invalid parameter attributes) Error code: 8, request code: 49, minor code: 0
[13:12:47:302] [452076:0006e5ef] [ERROR][com.freerdp.server.shadow.x11] - [x11_shadow_error_handler_for_capture]: X11 error: BadMatch (invalid parameter attributes) Error code: 8, request code: 49, minor code: 0
[13:12:47:363] [452076:0006e5ef] [ERROR][com.freerdp.server.shadow.x11] - [x11_shadow_error_handler_for_capture]: X11 error: BadMatch (invalid parameter attributes) Error code: 8, request code: 49, minor code: 0
[13:12:47:426] [452076:0006e5ef] [ERROR][com.freerdp.server.shadow.x11] - [x11_shadow_error_handler_for_capture]: X11 error: BadMatch (invalid parameter attributes) Error code: 8, request code: 49, minor code: 0
[13:12:47:487] [452076:0006e5ef] [ERROR][com.freerdp.server.shadow.x11] - [x11_shadow_error_handler_for_capture]: X11 error: BadMatch (invalid parameter attributes) Error code: 8, request code: 49, minor code: 0
[13:12:47:550] [452076:0006e5ef] [ERROR][com.freerdp.server.shadow.x11] - [x11_shadow_error_handler_for_capture]: X11 error: BadMatch (invalid parameter attributes) Error code: 8, request code: 49, minor code: 0
[13:12:47:613] [452076:0006e5ef] [ERROR][com.freerdp.server.shadow.x11] - [x11_shadow_error_handler_for_capture]: X11 error: BadMatch (invalid parameter attributes) Error code: 8, request code: 49, minor code: 0
[13:12:47:674] [452076:0006e5ef] [ERROR][com.freerdp.server.shadow.x11] - [x11_shadow_error_handler_for_capture]: X11 error: BadMatch (invalid parameter attributes) Error code: 8, request code: 49, minor code: 0
[13:12:47:736] [452076:0006e5ef] [ERROR][com.freerdp.server.shadow.x11] - [x11_shadow_error_handler_for_capture]: X11 error: BadMatch (invalid parameter attributes) Error code: 8, request code: 49, minor code: 0
[13:12:47:798] [452076:0006e5ef] [ERROR][com.freerdp.server.shadow.x11] - [x11_shadow_error_handler_for_capture]: X11 error: BadMatch (invalid parameter attributes) Error code: 8, request code: 49, minor code: 0
[13:12:47:860] [452076:0006e5ef] [ERROR][com.freerdp.server.shadow.x11] - [x11_shadow_error_handler_for_capture]: X11 error: BadMatch (invalid parameter attributes) Error code: 8, request code: 49, minor code: 0
[13:12:47:922] [452076:0006e5ef] [ERROR][com.freerdp.server.shadow.x11] - [x11_shadow_error_handler_for_capture]: X11 error: BadMatch (invalid parameter attributes) Error code: 8, request code: 49, minor code: 0
[13:12:47:984] [452076:0006e5ef] [ERROR][com.freerdp.server.shadow.x11] - [x11_shadow_error_handler_for_capture]: X11 error: BadMatch (invalid parameter attributes) Error code: 8, request code: 49, minor code: 0
[13:12:48:046] [452076:0006e5ef] [ERROR][com.freerdp.server.shadow.x11] - [x11_shadow_error_handler_for_capture]: X11 error: BadMatch (invalid parameter attributes) Error code: 8, request code: 49, minor code: 0
[13:12:48:109] [452076:0006e5ef] [ERROR][com.freerdp.server.shadow.x11] - [x11_shadow_error_handler_for_capture]: X11 error: BadMatch (invalid parameter attributes) Error code: 8, request code: 49, minor code: 0
[13:12:48:170] [452076:0006e5ef] [ERROR][com.freerdp.server.shadow.x11] - [x11_shadow_error_handler_for_capture]: X11 error: BadMatch (invalid parameter attributes) Error code: 8, request code: 49, minor code: 0
[13:12:48:232] [452076:0006e5ef] [ERROR][com.freerdp.server.shadow.x11] - [x11_shadow_error_handler_for_capture]: X11 error: BadMatch (invalid parameter attributes) Error code: 8, request code: 49, minor code: 0
[13:12:48:294] [452076:0006e5ef] [ERROR][com.freerdp.server.shadow.x11] - [x11_shadow_error_handler_for_capture]: X11 error: BadMatch (invalid parameter attributes) Error code: 8, request code: 49, minor code: 0
[13:12:48:356] [452076:0006e5ef] [ERROR][com.freerdp.server.shadow.x11] - [x11_shadow_error_handler_for_capture]: X11 error: BadMatch (invalid parameter attributes) Error code: 8, request code: 49, minor code: 0
[13:12:48:418] [452076:0006e5ef] [ERROR][com.freerdp.server.shadow.x11] - [x11_shadow_error_handler_for_capture]: X11 error: BadMatch (invalid parameter attributes) Error code: 8, request code: 49, minor code: 0
[13:12:48:480] [452076:0006e5ef] [ERROR][com.freerdp.server.shadow.x11] - [x11_shadow_error_handler_for_capture]: X11 error: BadMatch (invalid parameter attributes) Error code: 8, request code: 49, minor code: 0
[13:12:48:542] [452076:0006e5ef] [ERROR][com.freerdp.server.shadow.x11] - [x11_shadow_error_handler_for_capture]: X11 error: BadMatch (invalid parameter attributes) Error code: 8, request code: 49, minor code: 0
[13:12:48:604] [452076:0006e5ef] [ERROR][com.freerdp.server.shadow.x11] - [x11_shadow_error_handler_for_capture]: X11 error: BadMatch (invalid parameter attributes) Error code: 8, request code: 49, minor code: 0
[13:12:48:666] [452076:0006e5ef] [ERROR][com.freerdp.server.shadow.x11] - [x11_shadow_error_handler_for_capture]: X11 error: BadMatch (invalid parameter attributes) Error code: 8, request code: 49, minor code: 0
[13:12:48:728] [452076:0006e5ef] [ERROR][com.freerdp.server.shadow.x11] - [x11_shadow_error_handler_for_capture]: X11 error: BadMatch (invalid parameter attributes) Error code: 8, request code: 49, minor code: 0
[13:12:48:790] [452076:0006e5ef] [ERROR][com.freerdp.server.shadow.x11] - [x11_shadow_error_handler_for_capture]: X11 error: BadMatch (invalid parameter attributes) Error code: 8, request code: 49, minor code: 0
[13:12:48:852] [452076:0006e5ef] [ERROR][com.freerdp.server.shadow.x11] - [x11_shadow_error_handler_for_capture]: X11 error: BadMatch (invalid parameter attributes) Error code: 8, request code: 49, minor code: 0
[13:12:48:914] [452076:0006e5ef] [ERROR][com.freerdp.server.shadow.x11] - [x11_shadow_error_handler_for_capture]: X11 error: BadMatch (invalid parameter attributes) Error code: 8, request code: 49, minor code: 0
[13:12:48:976] [452076:0006e5ef] [ERROR][com.freerdp.server.shadow.x11] - [x11_shadow_error_handler_for_capture]: X11 error: BadMatch (invalid parameter attributes) Error code: 8, request code: 49, minor code: 0
[13:12:49:038] [452076:0006e5ef] [ERROR][com.freerdp.server.shadow.x11] - [x11_shadow_error_handler_for_capture]: X11 error: BadMatch (invalid parameter attributes) Error code: 8, request code: 49, minor code: 0
[13:12:49:100] [452076:0006e5ef] [ERROR][com.freerdp.server.shadow.x11] - [x11_shadow_error_handler_for_capture]: X11 error: BadMatch (invalid parameter attributes) Error code: 8, request code: 49, minor code: 0
[13:12:49:162] [452076:0006e5ef] [ERROR][com.freerdp.server.shadow.x11] - [x11_shadow_error_handler_for_capture]: X11 error: BadMatch (invalid parameter attributes) Error code: 8, request code: 49, minor code: 0
[13:12:49:224] [452076:0006e5ef] [ERROR][com.freerdp.server.shadow.x11] - [x11_shadow_error_handler_for_capture]: X11 error: BadMatch (invalid parameter attributes) Error code: 8, request code: 49, minor code: 0
[13:12:49:286] [452076:0006e5ef] [ERROR][com.freerdp.server.shadow.x11] - [x11_shadow_error_handler_for_capture]: X11 error: BadMatch (invalid parameter attributes) Error code: 8, request code: 49, minor code: 0
[13:12:49:348] [452076:0006e5ef] [ERROR][com.freerdp.server.shadow.x11] - [x11_shadow_error_handler_for_capture]: X11 error: BadMatch (invalid parameter attributes) Error code: 8, request code: 49, minor code: 0
[13:12:49:410] [452076:0006e5ef] [ERROR][com.freerdp.server.shadow.x11] - [x11_shadow_error_handler_for_capture]: X11 error: BadMatch (invalid parameter attributes) Error code: 8, request code: 49, minor code: 0
[13:12:49:472] [452076:0006e5ef] [ERROR][com.freerdp.server.shadow.x11] - [x11_shadow_error_handler_for_capture]: X11 error: BadMatch (invalid parameter attributes) Error code: 8, request code: 49, minor code: 0
[13:12:49:534] [452076:0006e5ef] [ERROR][com.freerdp.server.shadow.x11] - [x11_shadow_error_handler_for_capture]: X11 error: BadMatch (invalid parameter attributes) Error code: 8, request code: 49, minor code: 0
[13:12:49:596] [452076:0006e5ef] [ERROR][com.freerdp.server.shadow.x11] - [x11_shadow_error_handler_for_capture]: X11 error: BadMatch (invalid parameter attributes) Error code: 8, request code: 49, minor code: 0
[13:12:49:658] [452076:0006e5ef] [ERROR][com.freerdp.server.shadow.x11] - [x11_shadow_error_handler_for_capture]: X11 error: BadMatch (invalid parameter attributes) Error code: 8, request code: 49, minor code: 0
[13:12:49:720] [452076:0006e5ef] [ERROR][com.freerdp.server.shadow.x11] - [x11_shadow_error_handler_for_capture]: X11 error: BadMatch (invalid parameter attributes) Error code: 8, request code: 49, minor code: 0
[13:12:49:782] [452076:0006e5ef] [ERROR][com.freerdp.server.shadow.x11] - [x11_shadow_error_handler_for_capture]: X11 error: BadMatch (invalid parameter attributes) Error code: 8, request code: 49, minor code: 0
[13:12:49:844] [452076:0006e5ef] [ERROR][com.freerdp.server.shadow.x11] - [x11_shadow_error_handler_for_capture]: X11 error: BadMatch (invalid parameter attributes) Error code: 8, request code: 49, minor code: 0
[13:12:49:906] [452076:0006e5ef] [ERROR][com.freerdp.server.shadow.x11] - [x11_shadow_error_handler_for_capture]: X11 error: BadMatch (invalid parameter attributes) Error code: 8, request code: 49, minor code: 0
[13:12:49:969] [452076:0006e5ef] [ERROR][com.freerdp.server.shadow.x11] - [x11_shadow_error_handler_for_capture]: X11 error: BadMatch (invalid parameter attributes) Error code: 8, request code: 49, minor code: 0
[13:12:50:030] [452076:0006e5ef] [ERROR][com.freerdp.server.shadow.x11] - [x11_shadow_error_handler_for_capture]: X11 error: BadMatch (invalid parameter attributes) Error code: 8, request code: 49, minor code: 0
[13:12:50:092] [452076:0006e5ef] [ERROR][com.freerdp.server.shadow.x11] - [x11_shadow_error_handler_for_capture]: X11 error: BadMatch (invalid parameter attributes) Error code: 8, request code: 49, minor code: 0
[13:12:50:154] [452076:0006e5ef] [ERROR][com.freerdp.server.shadow.x11] - [x11_shadow_error_handler_for_capture]: X11 error: BadMatch (invalid parameter attributes) Error code: 8, request code: 49, minor code: 0
[13:12:50:216] [452076:0006e5ef] [ERROR][com.freerdp.server.shadow.x11] - [x11_shadow_error_handler_for_capture]: X11 error: BadMatch (invalid parameter attributes) Error code: 8, request code: 49, minor code: 0
[13:12:50:278] [452076:0006e5ef] [ERROR][com.freerdp.server.shadow.x11] - [x11_shadow_error_handler_for_capture]: X11 error: BadMatch (invalid parameter attributes) Error code: 8, request code: 49, minor code: 0
[13:12:50:340] [452076:0006e5ef] [ERROR][com.freerdp.server.shadow.x11] - [x11_shadow_error_handler_for_capture]: X11 error: BadMatch (invalid parameter attributes) Error code: 8, request code: 49, minor code: 0
[13:12:50:402] [452076:0006e5ef] [ERROR][com.freerdp.server.shadow.x11] - [x11_shadow_error_handler_for_capture]: X11 error: BadMatch (invalid parameter attributes) Error code: 8, request code: 49, minor code: 0
[13:12:50:464] [452076:0006e5ef] [ERROR][com.freerdp.server.shadow.x11] - [x11_shadow_error_handler_for_capture]: X11 error: BadMatch (invalid parameter attributes) Error code: 8, request code: 49, minor code: 0
[13:12:50:526] [452076:0006e5ef] [ERROR][com.freerdp.server.shadow.x11] - [x11_shadow_error_handler_for_capture]: X11 error: BadMatch (invalid parameter attributes) Error code: 8, request code: 49, minor code: 0
[13:12:50:588] [452076:0006e5ef] [ERROR][com.freerdp.server.shadow.x11] - [x11_shadow_error_handler_for_capture]: X11 error: BadMatch (invalid parameter attributes) Error code: 8, request code: 49, minor code: 0
[13:12:50:650] [452076:0006e5ef] [ERROR][com.freerdp.server.shadow.x11] - [x11_shadow_error_handler_for_capture]: X11 error: BadMatch (invalid parameter attributes) Error code: 8, request code: 49, minor code: 0
[13:12:50:712] [452076:0006e5ef] [ERROR][com.freerdp.server.shadow.x11] - [x11_shadow_error_handler_for_capture]: X11 error: BadMatch (invalid parameter attributes) Error code: 8, request code: 49, minor code: 0
[13:12:50:774] [452076:0006e5ef] [ERROR][com.freerdp.server.shadow.x11] - [x11_shadow_error_handler_for_capture]: X11 error: BadMatch (invalid parameter attributes) Error code: 8, request code: 49, minor code: 0
[13:12:50:836] [452076:0006e5ef] [ERROR][com.freerdp.server.shadow.x11] - [x11_shadow_error_handler_for_capture]: X11 error: BadMatch (invalid parameter attributes) Error code: 8, request code: 49, minor code: 0
[13:12:50:898] [452076:0006e5ef] [ERROR][com.freerdp.server.shadow.x11] - [x11_shadow_error_handler_for_capture]: X11 error: BadMatch (invalid parameter attributes) Error code: 8, request code: 49, minor code: 0
[13:12:50:960] [452076:0006e5ef] [ERROR][com.freerdp.server.shadow.x11] - [x11_shadow_error_handler_for_capture]: X11 error: BadMatch (invalid parameter attributes) Error code: 8, request code: 49, minor code: 0
[13:12:51:022] [452076:0006e5ef] [ERROR][com.freerdp.server.shadow.x11] - [x11_shadow_error_handler_for_capture]: X11 error: BadMatch (invalid parameter attributes) Error code: 8, request code: 49, minor code: 0
[13:12:51:084] [452076:0006e5ef] [ERROR][com.freerdp.server.shadow.x11] - [x11_shadow_error_handler_for_capture]: X11 error: BadMatch (invalid parameter attributes) Error code: 8, request code: 49, minor code: 0
[13:12:51:146] [452076:0006e5ef] [ERROR][com.freerdp.server.shadow.x11] - [x11_shadow_error_handler_for_capture]: X11 error: BadMatch (invalid parameter attributes) Error code: 8, request code: 49, minor code: 0
[13:12:51:208] [452076:0006e5ef] [ERROR][com.freerdp.server.shadow.x11] - [x11_shadow_error_handler_for_capture]: X11 error: BadMatch (invalid parameter attributes) Error code: 8, request code: 49, minor code: 0
[13:12:51:270] [452076:0006e5ef] [ERROR][com.freerdp.server.shadow.x11] - [x11_shadow_error_handler_for_capture]: X11 error: BadMatch (invalid parameter attributes) Error code: 8, request code: 49, minor code: 0
[13:12:51:332] [452076:0006e5ef] [ERROR][com.freerdp.server.shadow.x11] - [x11_shadow_error_handler_for_capture]: X11 error: BadMatch (invalid parameter attributes) Error code: 8, request code: 49, minor code: 0
[13:12:51:394] [452076:0006e5ef] [ERROR][com.freerdp.server.shadow.x11] - [x11_shadow_error_handler_for_capture]: X11 error: BadMatch (invalid parameter attributes) Error code: 8, request code: 49, minor code: 0
[13:12:51:456] [452076:0006e5ef] [ERROR][com.freerdp.server.shadow.x11] - [x11_shadow_error_handler_for_capture]: X11 error: BadMatch (invalid parameter attributes) Error code: 8, request code: 49, minor code: 0
[13:12:51:518] [452076:0006e5ef] [ERROR][com.freerdp.server.shadow.x11] - [x11_shadow_error_handler_for_capture]: X11 error: BadMatch (invalid parameter attributes) Error code: 8, request code: 49, minor code: 0
[13:12:51:580] [452076:0006e5ef] [ERROR][com.freerdp.server.shadow.x11] - [x11_shadow_error_handler_for_capture]: X11 error: BadMatch (invalid parameter attributes) Error code: 8, request code: 49, minor code: 0
[13:12:51:642] [452076:0006e5ef] [ERROR][com.freerdp.server.shadow.x11] - [x11_shadow_error_handler_for_capture]: X11 error: BadMatch (invalid parameter attributes) Error code: 8, request code: 49, minor code: 0
[13:12:51:704] [452076:0006e5ef] [ERROR][com.freerdp.server.shadow.x11] - [x11_shadow_error_handler_for_capture]: X11 error: BadMatch (invalid parameter attributes) Error code: 8, request code: 49, minor code: 0
[13:12:51:766] [452076:0006e5ef] [ERROR][com.freerdp.server.shadow.x11] - [x11_shadow_error_handler_for_capture]: X11 error: BadMatch (invalid parameter attributes) Error code: 8, request code: 49, minor code: 0
[13:12:51:828] [452076:0006e5ef] [ERROR][com.freerdp.server.shadow.x11] - [x11_shadow_error_handler_for_capture]: X11 error: BadMatch (invalid parameter attributes) Error code: 8, request code: 49, minor code: 0
[13:12:51:890] [452076:0006e5ef] [ERROR][com.freerdp.server.shadow.x11] - [x11_shadow_error_handler_for_capture]: X11 error: BadMatch (invalid parameter attributes) Error code: 8, request code: 49, minor code: 0
[13:12:51:952] [452076:0006e5ef] [ERROR][com.freerdp.server.shadow.x11] - [x11_shadow_error_handler_for_capture]: X11 error: BadMatch (invalid parameter attributes) Error code: 8, request code: 49, minor code: 0
[13:12:52:014] [452076:0006e5ef] [ERROR][com.freerdp.server.shadow.x11] - [x11_shadow_error_handler_for_capture]: X11 error: BadMatch (invalid parameter attributes) Error code: 8, request code: 49, minor code: 0
[13:12:52:076] [452076:0006e5ef] [ERROR][com.freerdp.server.shadow.x11] - [x11_shadow_error_handler_for_capture]: X11 error: BadMatch (invalid parameter attributes) Error code: 8, request code: 49, minor code: 0
[13:12:52:139] [452076:0006e5ef] [ERROR][com.freerdp.server.shadow.x11] - [x11_shadow_error_handler_for_capture]: X11 error: BadMatch (invalid parameter attributes) Error code: 8, request code: 49, minor code: 0
[13:12:52:200] [452076:0006e5ef] [ERROR][com.freerdp.server.shadow.x11] - [x11_shadow_error_handler_for_capture]: X11 error: BadMatch (invalid parameter attributes) Error code: 8, request code: 49, minor code: 0
[13:12:52:262] [452076:0006e5ef] [ERROR][com.freerdp.server.shadow.x11] - [x11_shadow_error_handler_for_capture]: X11 error: BadMatch (invalid parameter attributes) Error code: 8, request code: 49, minor code: 0
[13:12:52:323] [452076:0006e5ef] [ERROR][com.freerdp.server.shadow.x11] - [x11_shadow_error_handler_for_capture]: X11 error: BadMatch (invalid parameter attributes) Error code: 8, request code: 49, minor code: 0
[13:12:52:386] [452076:0006e5ef] [ERROR][com.freerdp.server.shadow.x11] - [x11_shadow_error_handler_for_capture]: X11 error: BadMatch (invalid parameter attributes) Error code: 8, request code: 49, minor code: 0
[13:12:52:447] [452076:0006e5ef] [ERROR][com.freerdp.server.shadow.x11] - [x11_shadow_error_handler_for_capture]: X11 error: BadMatch (invalid parameter attributes) Error code: 8, request code: 49, minor code: 0
[13:12:52:510] [452076:0006e5ef] [ERROR][com.freerdp.server.shadow.x11] - [x11_shadow_error_handler_for_capture]: X11 error: BadMatch (invalid parameter attributes) Error code: 8, request code: 49, minor code: 0
[13:12:52:572] [452076:0006e5ef] [ERROR][com.freerdp.server.shadow.x11] - [x11_shadow_error_handler_for_capture]: X11 error: BadMatch (invalid parameter attributes) Error code: 8, request code: 49, minor code: 0
[13:12:52:634] [452076:0006e5ef] [ERROR][com.freerdp.server.shadow.x11] - [x11_shadow_error_handler_for_capture]: X11 error: BadMatch (invalid parameter attributes) Error code: 8, request code: 49, minor code: 0
[13:12:52:696] [452076:0006e5ef] [ERROR][com.freerdp.server.shadow.x11] - [x11_shadow_error_handler_for_capture]: X11 error: BadMatch (invalid parameter attributes) Error code: 8, request code: 49, minor code: 0
[13:12:52:758] [452076:0006e5ef] [ERROR][com.freerdp.server.shadow.x11] - [x11_shadow_error_handler_for_capture]: X11 error: BadMatch (invalid parameter attributes) Error code: 8, request code: 49, minor code: 0
[13:12:52:820] [452076:0006e5ef] [ERROR][com.freerdp.server.shadow.x11] - [x11_shadow_error_handler_for_capture]: X11 error: BadMatch (invalid parameter attributes) Error code: 8, request code: 49, minor code: 0
[13:12:52:882] [452076:0006e5ef] [ERROR][com.freerdp.server.shadow.x11] - [x11_shadow_error_handler_for_capture]: X11 error: BadMatch (invalid parameter attributes) Error code: 8, request code: 49, minor code: 0
[13:12:52:944] [452076:0006e5ef] [ERROR][com.freerdp.server.shadow.x11] - [x11_shadow_error_handler_for_capture]: X11 error: BadMatch (invalid parameter attributes) Error code: 8, request code: 49, minor code: 0
[13:12:53:006] [452076:0006e5ef] [ERROR][com.freerdp.server.shadow.x11] - [x11_shadow_error_handler_for_capture]: X11 error: BadMatch (invalid parameter attributes) Error code: 8, request code: 49, minor code: 0
[13:12:53:068] [452076:0006e5ef] [ERROR][com.freerdp.server.shadow.x11] - [x11_shadow_error_handler_for_capture]: X11 error: BadMatch (invalid parameter attributes) Error code: 8, request code: 49, minor code: 0
[13:12:53:130] [452076:0006e5ef] [ERROR][com.freerdp.server.shadow.x11] - [x11_shadow_error_handler_for_capture]: X11 error: BadMatch (invalid parameter attributes) Error code: 8, request code: 49, minor code: 0
[13:12:53:192] [452076:0006e5ef] [ERROR][com.freerdp.server.shadow.x11] - [x11_shadow_error_handler_for_capture]: X11 error: BadMatch (invalid parameter attributes) Error code: 8, request code: 49, minor code: 0
[13:12:53:254] [452076:0006e5ef] [ERROR][com.freerdp.server.shadow.x11] - [x11_shadow_error_handler_for_capture]: X11 error: BadMatch (invalid parameter attributes) Error code: 8, request code: 49, minor code: 0
[13:12:53:316] [452076:0006e5ef] [ERROR][com.freerdp.server.shadow.x11] - [x11_shadow_error_handler_for_capture]: X11 error: BadMatch (invalid parameter attributes) Error code: 8, request code: 49, minor code: 0
[13:12:53:378] [452076:0006e5ef] [ERROR][com.freerdp.server.shadow.x11] - [x11_shadow_error_handler_for_capture]: X11 error: BadMatch (invalid parameter attributes) Error code: 8, request code: 49, minor code: 0
[13:12:53:440] [452076:0006e5ef] [ERROR][com.freerdp.server.shadow.x11] - [x11_shadow_error_handler_for_capture]: X11 error: BadMatch (invalid parameter attributes) Error code: 8, request code: 49, minor code: 0
[13:12:53:502] [452076:0006e5ef] [ERROR][com.freerdp.server.shadow.x11] - [x11_shadow_error_handler_for_capture]: X11 error: BadMatch (invalid parameter attributes) Error code: 8, request code: 49, minor code: 0
[13:12:53:564] [452076:0006e5ef] [ERROR][com.freerdp.server.shadow.x11] - [x11_shadow_error_handler_for_capture]: X11 error: BadMatch (invalid parameter attributes) Error code: 8, request code: 49, minor code: 0
[13:12:53:626] [452076:0006e5ef] [ERROR][com.freerdp.server.shadow.x11] - [x11_shadow_error_handler_for_capture]: X11 error: BadMatch (invalid parameter attributes) Error code: 8, request code: 49, minor code: 0
[13:12:53:688] [452076:0006e5ef] [ERROR][com.freerdp.server.shadow.x11] - [x11_shadow_error_handler_for_capture]: X11 error: BadMatch (invalid parameter attributes) Error code: 8, request code: 49, minor code: 0
[13:12:53:750] [452076:0006e5ef] [ERROR][com.freerdp.server.shadow.x11] - [x11_shadow_error_handler_for_capture]: X11 error: BadMatch (invalid parameter attributes) Error code: 8, request code: 49, minor code: 0
[13:12:53:811] [452076:0006e5ef] [ERROR][com.freerdp.server.shadow.x11] - [x11_shadow_error_handler_for_capture]: X11 error: BadMatch (invalid parameter attributes) Error code: 8, request code: 49, minor code: 0
[13:12:53:874] [452076:0006e5ef] [ERROR][com.freerdp.server.shadow.x11] - [x11_shadow_error_handler_for_capture]: X11 error: BadMatch (invalid parameter attributes) Error code: 8, request code: 49, minor code: 0
[13:12:53:935] [452076:0006e5ef] [ERROR][com.freerdp.server.shadow.x11] - [x11_shadow_error_handler_for_capture]: X11 error: BadMatch (invalid parameter attributes) Error code: 8, request code: 49, minor code: 0
[13:12:53:998] [452076:0006e5ef] [ERROR][com.freerdp.server.shadow.x11] - [x11_shadow_error_handler_for_capture]: X11 error: BadMatch (invalid parameter attributes) Error code: 8, request code: 49, minor code: 0
[13:12:54:059] [452076:0006e5ef] [ERROR][com.freerdp.server.shadow.x11] - [x11_shadow_error_handler_for_capture]: X11 error: BadMatch (invalid parameter attributes) Error code: 8, request code: 49, minor code: 0
[13:12:54:122] [452076:0006e5ef] [ERROR][com.freerdp.server.shadow.x11] - [x11_shadow_error_handler_for_capture]: X11 error: BadMatch (invalid parameter attributes) Error code: 8, request code: 49, minor code: 0
[13:12:54:184] [452076:0006e5ef] [ERROR][com.freerdp.server.shadow.x11] - [x11_shadow_error_handler_for_capture]: X11 error: BadMatch (invalid parameter attributes) Error code: 8, request code: 49, minor code: 0
[13:12:54:246] [452076:0006e5ef] [ERROR][com.freerdp.server.shadow.x11] - [x11_shadow_error_handler_for_capture]: X11 error: BadMatch (invalid parameter attributes) Error code: 8, request code: 49, minor code: 0
[13:12:54:308] [452076:0006e5ef] [ERROR][com.freerdp.server.shadow.x11] - [x11_shadow_error_handler_for_capture]: X11 error: BadMatch (invalid parameter attributes) Error code: 8, request code: 49, minor code: 0
[13:12:54:370] [452076:0006e5ef] [ERROR][com.freerdp.server.shadow.x11] - [x11_shadow_error_handler_for_capture]: X11 error: BadMatch (invalid parameter attributes) Error code: 8, request code: 49, minor code: 0
[13:12:54:432] [452076:0006e5ef] [ERROR][com.freerdp.server.shadow.x11] - [x11_shadow_error_handler_for_capture]: X11 error: BadMatch (invalid parameter attributes) Error code: 8, request code: 49, minor code: 0
[13:12:54:493] [452076:0006e5ef] [ERROR][com.freerdp.server.shadow.x11] - [x11_shadow_error_handler_for_capture]: X11 error: BadMatch (invalid parameter attributes) Error code: 8, request code: 49, minor code: 0
[13:12:54:556] [452076:0006e5ef] [ERROR][com.freerdp.server.shadow.x11] - [x11_shadow_error_handler_for_capture]: X11 error: BadMatch (invalid parameter attributes) Error code: 8, request code: 49, minor code: 0
[13:12:54:618] [452076:0006e5ef] [ERROR][com.freerdp.server.shadow.x11] - [x11_shadow_error_handler_for_capture]: X11 error: BadMatch (invalid parameter attributes) Error code: 8, request code: 49, minor code: 0
[13:12:54:680] [452076:0006e5ef] [ERROR][com.freerdp.server.shadow.x11] - [x11_shadow_error_handler_for_capture]: X11 error: BadMatch (invalid parameter attributes) Error code: 8, request code: 49, minor code: 0
[13:12:54:742] [452076:0006e5ef] [ERROR][com.freerdp.server.shadow.x11] - [x11_shadow_error_handler_for_capture]: X11 error: BadMatch (invalid parameter attributes) Error code: 8, request code: 49, minor code: 0
[13:12:54:804] [452076:0006e5ef] [ERROR][com.freerdp.server.shadow.x11] - [x11_shadow_error_handler_for_capture]: X11 error: BadMatch (invalid parameter attributes) Error code: 8, request code: 49, minor code: 0
[13:12:54:866] [452076:0006e5ef] [ERROR][com.freerdp.server.shadow.x11] - [x11_shadow_error_handler_for_capture]: X11 error: BadMatch (invalid parameter attributes) Error code: 8, request code: 49, minor code: 0
[13:12:54:927] [452076:0006e5ef] [ERROR][com.freerdp.server.shadow.x11] - [x11_shadow_error_handler_for_capture]: X11 error: BadMatch (invalid parameter attributes) Error code: 8, request code: 49, minor code: 0
[13:12:54:990] [452076:0006e5ef] [ERROR][com.freerdp.server.shadow.x11] - [x11_shadow_error_handler_for_capture]: X11 error: BadMatch (invalid parameter attributes) Error code: 8, request code: 49, minor code: 0
[13:12:55:051] [452076:0006e5ef] [ERROR][com.freerdp.server.shadow.x11] - [x11_shadow_error_handler_for_capture]: X11 error: BadMatch (invalid parameter attributes) Error code: 8, request code: 49, minor code: 0
[13:12:55:114] [452076:0006e5ef] [ERROR][com.freerdp.server.shadow.x11] - [x11_shadow_error_handler_for_capture]: X11 error: BadMatch (invalid parameter attributes) Error code: 8, request code: 49, minor code: 0
[13:12:55:176] [452076:0006e5ef] [ERROR][com.freerdp.server.shadow.x11] - [x11_shadow_error_handler_for_capture]: X11 error: BadMatch (invalid parameter attributes) Error code: 8, request code: 49, minor code: 0
[13:12:55:238] [452076:0006e5ef] [ERROR][com.freerdp.server.shadow.x11] - [x11_shadow_error_handler_for_capture]: X11 error: BadMatch (invalid parameter attributes) Error code: 8, request code: 49, minor code: 0
[13:12:55:300] [452076:0006e5ef] [ERROR][com.freerdp.server.shadow.x11] - [x11_shadow_error_handler_for_capture]: X11 error: BadMatch (invalid parameter attributes) Error code: 8, request code: 49, minor code: 0
[13:12:55:361] [452076:0006e5ef] [ERROR][com.freerdp.server.shadow.x11] - [x11_shadow_error_handler_for_capture]: X11 error: BadMatch (invalid parameter attributes) Error code: 8, request code: 49, minor code: 0
[13:12:55:424] [452076:0006e5ef] [ERROR][com.freerdp.server.shadow.x11] - [x11_shadow_error_handler_for_capture]: X11 error: BadMatch (invalid parameter attributes) Error code: 8, request code: 49, minor code: 0
[13:12:55:486] [452076:0006e5ef] [ERROR][com.freerdp.server.shadow.x11] - [x11_shadow_error_handler_for_capture]: X11 error: BadMatch (invalid parameter attributes) Error code: 8, request code: 49, minor code: 0
[13:12:55:548] [452076:0006e5ef] [ERROR][com.freerdp.server.shadow.x11] - [x11_shadow_error_handler_for_capture]: X11 error: BadMatch (invalid parameter attributes) Error code: 8, request code: 49, minor code: 0
[13:12:55:610] [452076:0006e5ef] [ERROR][com.freerdp.server.shadow.x11] - [x11_shadow_error_handler_for_capture]: X11 error: BadMatch (invalid parameter attributes) Error code: 8, request code: 49, minor code: 0
[13:12:55:672] [452076:0006e5ef] [ERROR][com.freerdp.server.shadow.x11] - [x11_shadow_error_handler_for_capture]: X11 error: BadMatch (invalid parameter attributes) Error code: 8, request code: 49, minor code: 0
[13:12:55:733] [452076:0006e5ef] [ERROR][com.freerdp.server.shadow.x11] - [x11_shadow_error_handler_for_capture]: X11 error: BadMatch (invalid parameter attributes) Error code: 8, request code: 49, minor code: 0
[13:12:55:796] [452076:0006e5ef] [ERROR][com.freerdp.server.shadow.x11] - [x11_shadow_error_handler_for_capture]: X11 error: BadMatch (invalid parameter attributes) Error code: 8, request code: 49, minor code: 0
[13:12:55:858] [452076:0006e5ef] [ERROR][com.freerdp.server.shadow.x11] - [x11_shadow_error_handler_for_capture]: X11 error: BadMatch (invalid parameter attributes) Error code: 8, request code: 49, minor code: 0
[13:12:55:920] [452076:0006e5ef] [ERROR][com.freerdp.server.shadow.x11] - [x11_shadow_error_handler_for_capture]: X11 error: BadMatch (invalid parameter attributes) Error code: 8, request code: 49, minor code: 0
[13:12:55:982] [452076:0006e5ef] [ERROR][com.freerdp.server.shadow.x11] - [x11_shadow_error_handler_for_capture]: X11 error: BadMatch (invalid parameter attributes) Error code: 8, request code: 49, minor code: 0
[13:12:56:044] [452076:0006e5ef] [ERROR][com.freerdp.server.shadow.x11] - [x11_shadow_error_handler_for_capture]: X11 error: BadMatch (invalid parameter attributes) Error code: 8, request code: 49, minor code: 0
[13:12:56:105] [452076:0006e5ef] [ERROR][com.freerdp.server.shadow.x11] - [x11_shadow_error_handler_for_capture]: X11 error: BadMatch (invalid parameter attributes) Error code: 8, request code: 49, minor code: 0
[13:12:56:168] [452076:0006e5ef] [ERROR][com.freerdp.server.shadow.x11] - [x11_shadow_error_handler_for_capture]: X11 error: BadMatch (invalid parameter attributes) Error code: 8, request code: 49, minor code: 0
[13:12:56:229] [452076:0006e5ef] [ERROR][com.freerdp.server.shadow.x11] - [x11_shadow_error_handler_for_capture]: X11 error: BadMatch (invalid parameter attributes) Error code: 8, request code: 49, minor code: 0
[13:12:56:292] [452076:0006e5ef] [ERROR][com.freerdp.server.shadow.x11] - [x11_shadow_error_handler_for_capture]: X11 error: BadMatch (invalid parameter attributes) Error code: 8, request code: 49, minor code: 0
[13:12:56:354] [452076:0006e5ef] [ERROR][com.freerdp.server.shadow.x11] - [x11_shadow_error_handler_for_capture]: X11 error: BadMatch (invalid parameter attributes) Error code: 8, request code: 49, minor code: 0
[13:12:56:416] [452076:0006e5ef] [ERROR][com.freerdp.server.shadow.x11] - [x11_shadow_error_handler_for_capture]: X11 error: BadMatch (invalid parameter attributes) Error code: 8, request code: 49, minor code: 0
[13:12:56:478] [452076:0006e5ef] [ERROR][com.freerdp.server.shadow.x11] - [x11_shadow_error_handler_for_capture]: X11 error: BadMatch (invalid parameter attributes) Error code: 8, request code: 49, minor code: 0
[13:12:56:540] [452076:0006e5ef] [ERROR][com.freerdp.server.shadow.x11] - [x11_shadow_error_handler_for_capture]: X11 error: BadMatch (invalid parameter attributes) Error code: 8, request code: 49, minor code: 0
[13:12:56:602] [452076:0006e5ef] [ERROR][com.freerdp.server.shadow.x11] - [x11_shadow_error_handler_for_capture]: X11 error: BadMatch (invalid parameter attributes) Error code: 8, request code: 49, minor code: 0
[13:12:56:663] [452076:0006e5ef] [ERROR][com.freerdp.server.shadow.x11] - [x11_shadow_error_handler_for_capture]: X11 error: BadMatch (invalid parameter attributes) Error code: 8, request code: 49, minor code: 0
[13:12:56:726] [452076:0006e5ef] [ERROR][com.freerdp.server.shadow.x11] - [x11_shadow_error_handler_for_capture]: X11 error: BadMatch (invalid parameter attributes) Error code: 8, request code: 49, minor code: 0
[13:12:56:788] [452076:0006e5ef] [ERROR][com.freerdp.server.shadow.x11] - [x11_shadow_error_handler_for_capture]: X11 error: BadMatch (invalid parameter attributes) Error code: 8, request code: 49, minor code: 0
[13:12:56:825] [452076:0006e668] [ERROR][com.freerdp.core.transport] - [transport_read_layer]: BIO_read returned a system error 104: Connection reset by peer
[13:12:56:825] [452076:0006e668] [ERROR][com.freerdp.core.peer] - [transport_read_layer]: ERRCONNECT_CONNECT_TRANSPORT_FAILED [0x0002000D]
[13:12:56:825] [452076:0006e668] [ERROR][com.freerdp.core.nla] - [nla_server_recv_stream]: nla_recv() error: -1
[13:12:56:825] [452076:0006e668] [ERROR][com.freerdp.core.transport] - [transport_accept_nla]: client authentication failure
[13:12:56:825] [452076:0006e668] [ERROR][com.freerdp.core.peer] - [peer_recv_callback_internal]: CONNECTION_STATE_NEGO - rdp_server_accept_nego() fail
[13:12:56:825] [452076:0006e668] [ERROR][com.freerdp.core.transport] - [transport_check_fds]: transport_check_fds: transport->ReceiveCallback() - STATE_RUN_FAILED [-1]
[13:12:56:825] [452076:0006e668] [ERROR][com.freerdp.client.shadow] - [shadow_client_thread]: Failed to check FreeRDP file descriptor
[13:12:58:461] [452076:0006e5ef] [ERROR][com.freerdp.server.shadow.x11] - [x11_shadow_error_handler_for_capture]: X11 error: BadMatch (invalid parameter attributes) Error code: 8, request code: 49, minor code: 0
[13:12:58:524] [452076:0006e5ef] [ERROR][com.freerdp.server.shadow.x11] - [x11_shadow_error_handler_for_capture]: X11 error: BadMatch (invalid parameter attributes) Error code: 8, request code: 49, minor code: 0
[13:12:58:586] [452076:0006e5ef] [ERROR][com.freerdp.server.shadow.x11] - [x11_shadow_error_handler_for_capture]: X11 error: BadMatch (invalid parameter attributes) Error code: 8, request code: 49, minor code: 0
[13:12:58:648] [452076:0006e5ef] [ERROR][com.freerdp.server.shadow.x11] - [x11_shadow_error_handler_for_capture]: X11 error: BadMatch (invalid parameter attributes) Error code: 8, request code: 49, minor code: 0
[13:12:58:709] [452076:0006e5ef] [ERROR][com.freerdp.server.shadow.x11] - [x11_shadow_error_handler_for_capture]: X11 error: BadMatch (invalid parameter attributes) Error code: 8, request code: 49, minor code: 0
[13:12:58:773] [452076:0006e5ef] [ERROR][com.freerdp.server.shadow.x11] - [x11_shadow_error_handler_for_capture]: X11 error: BadMatch (invalid parameter attributes) Error code: 8, request code: 49, minor code: 0
[13:12:58:833] [452076:0006e5ef] [ERROR][com.freerdp.server.shadow.x11] - [x11_shadow_error_handler_for_capture]: X11 error: BadMatch (invalid parameter attributes) Error code: 8, request code: 49, minor code: 0
[13:12:58:896] [452076:0006e5ef] [ERROR][com.freerdp.server.shadow.x11] - [x11_shadow_error_handler_for_capture]: X11 error: BadMatch (invalid parameter attributes) Error code: 8, request code: 49, minor code: 0
[13:12:58:958] [452076:0006e5ef] [ERROR][com.freerdp.server.shadow.x11] - [x11_shadow_error_handler_for_capture]: X11 error: BadMatch (invalid parameter attributes) Error code: 8, request code: 49, minor code: 0
[13:12:59:020] [452076:0006e5ef] [ERROR][com.freerdp.server.shadow.x11] - [x11_shadow_error_handler_for_capture]: X11 error: BadMatch (invalid parameter attributes) Error code: 8, request code: 49, minor code: 0
[13:12:59:082] [452076:0006e5ef] [ERROR][com.freerdp.server.shadow.x11] - [x11_shadow_error_handler_for_capture]: X11 error: BadMatch (invalid parameter attributes) Error code: 8, request code: 49, minor code: 0
[13:12:59:144] [452076:0006e5ef] [ERROR][com.freerdp.server.shadow.x11] - [x11_shadow_error_handler_for_capture]: X11 error: BadMatch (invalid parameter attributes) Error code: 8, request code: 49, minor code: 0
[13:12:59:206] [452076:0006e5ef] [ERROR][com.freerdp.server.shadow.x11] - [x11_shadow_error_handler_for_capture]: X11 error: BadMatch (invalid parameter attributes) Error code: 8, request code: 49, minor code: 0
[13:12:59:268] [452076:0006e5ef] [ERROR][com.freerdp.server.shadow.x11] - [x11_shadow_error_handler_for_capture]: X11 error: BadMatch (invalid parameter attributes) Error code: 8, request code: 49, minor code: 0
[13:12:59:330] [452076:0006e5ef] [ERROR][com.freerdp.server.shadow.x11] - [x11_shadow_error_handler_for_capture]: X11 error: BadMatch (invalid parameter attributes) Error code: 8, request code: 49, minor code: 0
[13:12:59:392] [452076:0006e5ef] [ERROR][com.freerdp.server.shadow.x11] - [x11_shadow_error_handler_for_capture]: X11 error: BadMatch (invalid parameter attributes) Error code: 8, request code: 49, minor code: 0
[13:12:59:454] [452076:0006e5ef] [ERROR][com.freerdp.server.shadow.x11] - [x11_shadow_error_handler_for_capture]: X11 error: BadMatch (invalid parameter attributes) Error code: 8, request code: 49, minor code: 0
[13:12:59:516] [452076:0006e5ef] [ERROR][com.freerdp.server.shadow.x11] - [x11_shadow_error_handler_for_capture]: X11 error: BadMatch (invalid parameter attributes) Error code: 8, request code: 49, minor code: 0
[13:12:59:578] [452076:0006e5ef] [ERROR][com.freerdp.server.shadow.x11] - [x11_shadow_error_handler_for_capture]: X11 error: BadMatch (invalid parameter attributes) Error code: 8, request code: 49, minor code: 0
[13:12:59:640] [452076:0006e5ef] [ERROR][com.freerdp.server.shadow.x11] - [x11_shadow_error_handler_for_capture]: X11 error: BadMatch (invalid parameter attributes) Error code: 8, request code: 49, minor code: 0
[13:12:59:701] [452076:0006e5ef] [ERROR][com.freerdp.server.shadow.x11] - [x11_shadow_error_handler_for_capture]: X11 error: BadMatch (invalid parameter attributes) Error code: 8, request code: 49, minor code: 0
[13:12:59:764] [452076:0006e5ef] [ERROR][com.freerdp.server.shadow.x11] - [x11_shadow_error_handler_for_capture]: X11 error: BadMatch (invalid parameter attributes) Error code: 8, request code: 49, minor code: 0
[13:12:59:826] [452076:0006e5ef] [ERROR][com.freerdp.server.shadow.x11] - [x11_shadow_error_handler_for_capture]: X11 error: BadMatch (invalid parameter attributes) Error code: 8, request code: 49, minor code: 0
[13:12:59:888] [452076:0006e5ef] [ERROR][com.freerdp.server.shadow.x11] - [x11_shadow_error_handler_for_capture]: X11 error: BadMatch (invalid parameter attributes) Error code: 8, request code: 49, minor code: 0
[13:12:59:950] [452076:0006e5ef] [ERROR][com.freerdp.server.shadow.x11] - [x11_shadow_error_handler_for_capture]: X11 error: BadMatch (invalid parameter attributes) Error code: 8, request code: 49, minor code: 0
[13:13:00:012] [452076:0006e5ef] [ERROR][com.freerdp.server.shadow.x11] - [x11_shadow_error_handler_for_capture]: X11 error: BadMatch (invalid parameter attributes) Error code: 8, request code: 49, minor code: 0
[13:13:00:074] [452076:0006e5ef] [ERROR][com.freerdp.server.shadow.x11] - [x11_shadow_error_handler_for_capture]: X11 error: BadMatch (invalid parameter attributes) Error code: 8, request code: 49, minor code: 0
[13:13:00:136] [452076:0006e5ef] [ERROR][com.freerdp.server.shadow.x11] - [x11_shadow_error_handler_for_capture]: X11 error: BadMatch (invalid parameter attributes) Error code: 8, request code: 49, minor code: 0
[13:13:00:198] [452076:0006e5ef] [ERROR][com.freerdp.server.shadow.x11] - [x11_shadow_error_handler_for_capture]: X11 error: BadMatch (invalid parameter attributes) Error code: 8, request code: 49, minor code: 0
[13:13:00:260] [452076:0006e5ef] [ERROR][com.freerdp.server.shadow.x11] - [x11_shadow_error_handler_for_capture]: X11 error: BadMatch (invalid parameter attributes) Error code: 8, request code: 49, minor code: 0
[13:13:00:322] [452076:0006e5ef] [ERROR][com.freerdp.server.shadow.x11] - [x11_shadow_error_handler_for_capture]: X11 error: BadMatch (invalid parameter attributes) Error code: 8, request code: 49, minor code: 0
[13:13:00:384] [452076:0006e5ef] [ERROR][com.freerdp.server.shadow.x11] - [x11_shadow_error_handler_for_capture]: X11 error: BadMatch (invalid parameter attributes) Error code: 8, request code: 49, minor code: 0
[13:13:00:446] [452076:0006e5ef] [ERROR][com.freerdp.server.shadow.x11] - [x11_shadow_error_handler_for_capture]: X11 error: BadMatch (invalid parameter attributes) Error code: 8, request code: 49, minor code: 0
[13:13:00:508] [452076:0006e5ef] [ERROR][com.freerdp.server.shadow.x11] - [x11_shadow_error_handler_for_capture]: X11 error: BadMatch (invalid parameter attributes) Error code: 8, request code: 49, minor code: 0
[13:13:00:570] [452076:0006e5ef] [ERROR][com.freerdp.server.shadow.x11] - [x11_shadow_error_handler_for_capture]: X11 error: BadMatch (invalid parameter attributes) Error code: 8, request code: 49, minor code: 0
[13:13:00:633] [452076:0006e5ef] [ERROR][com.freerdp.server.shadow.x11] - [x11_shadow_error_handler_for_capture]: X11 error: BadMatch (invalid parameter attributes) Error code: 8, request code: 49, minor code: 0
[13:13:00:694] [452076:0006e5ef] [ERROR][com.freerdp.server.shadow.x11] - [x11_shadow_error_handler_for_capture]: X11 error: BadMatch (invalid parameter attributes) Error code: 8, request code: 49, minor code: 0
[13:13:00:756] [452076:0006e5ef] [ERROR][com.freerdp.server.shadow.x11] - [x11_shadow_error_handler_for_capture]: X11 error: BadMatch (invalid parameter attributes) Error code: 8, request code: 49, minor code: 0
[13:13:00:817] [452076:0006e5ef] [ERROR][com.freerdp.server.shadow.x11] - [x11_shadow_error_handler_for_capture]: X11 error: BadMatch (invalid parameter attributes) Error code: 8, request code: 49, minor code: 0
[13:13:00:880] [452076:0006e5ef] [ERROR][com.freerdp.server.shadow.x11] - [x11_shadow_error_handler_for_capture]: X11 error: BadMatch (invalid parameter attributes) Error code: 8, request code: 49, minor code: 0
[13:13:00:942] [452076:0006e5ef] [ERROR][com.freerdp.server.shadow.x11] - [x11_shadow_error_handler_for_capture]: X11 error: BadMatch (invalid parameter attributes) Error code: 8, request code: 49, minor code: 0
[13:13:01:004] [452076:0006e5ef] [ERROR][com.freerdp.server.shadow.x11] - [x11_shadow_error_handler_for_capture]: X11 error: BadMatch (invalid parameter attributes) Error code: 8, request code: 49, minor code: 0
[13:13:01:066] [452076:0006e5ef] [ERROR][com.freerdp.server.shadow.x11] - [x11_shadow_error_handler_for_capture]: X11 error: BadMatch (invalid parameter attributes) Error code: 8, request code: 49, minor code: 0
[13:13:01:128] [452076:0006e5ef] [ERROR][com.freerdp.server.shadow.x11] - [x11_shadow_error_handler_for_capture]: X11 error: BadMatch (invalid parameter attributes) Error code: 8, request code: 49, minor code: 0
[13:13:01:190] [452076:0006e5ef] [ERROR][com.freerdp.server.shadow.x11] - [x11_shadow_error_handler_for_capture]: X11 error: BadMatch (invalid parameter attributes) Error code: 8, request code: 49, minor code: 0
[13:13:01:251] [452076:0006e5ef] [ERROR][com.freerdp.server.shadow.x11] - [x11_shadow_error_handler_for_capture]: X11 error: BadMatch (invalid parameter attributes) Error code: 8, request code: 49, minor code: 0
[13:13:01:314] [452076:0006e5ef] [ERROR][com.freerdp.server.shadow.x11] - [x11_shadow_error_handler_for_capture]: X11 error: BadMatch (invalid parameter attributes) Error code: 8, request code: 49, minor code: 0
[13:13:01:376] [452076:0006e5ef] [ERROR][com.freerdp.server.shadow.x11] - [x11_shadow_error_handler_for_capture]: X11 error: BadMatch (invalid parameter attributes) Error code: 8, request code: 49, minor code: 0
[13:13:01:438] [452076:0006e5ef] [ERROR][com.freerdp.server.shadow.x11] - [x11_shadow_error_handler_for_capture]: X11 error: BadMatch (invalid parameter attributes) Error code: 8, request code: 49, minor code: 0
[13:13:01:499] [452076:0006e5ef] [ERROR][com.freerdp.server.shadow.x11] - [x11_shadow_error_handler_for_capture]: X11 error: BadMatch (invalid parameter attributes) Error code: 8, request code: 49, minor code: 0
[13:13:01:562] [452076:0006e5ef] [ERROR][com.freerdp.server.shadow.x11] - [x11_shadow_error_handler_for_capture]: X11 error: BadMatch (invalid parameter attributes) Error code: 8, request code: 49, minor code: 0
[13:13:01:624] [452076:0006e5ef] [ERROR][com.freerdp.server.shadow.x11] - [x11_shadow_error_handler_for_capture]: X11 error: BadMatch (invalid parameter attributes) Error code: 8, request code: 49, minor code: 0
[13:13:01:686] [452076:0006e5ef] [ERROR][com.freerdp.server.shadow.x11] - [x11_shadow_error_handler_for_capture]: X11 error: BadMatch (invalid parameter attributes) Error code: 8, request code: 49, minor code: 0
[13:13:01:748] [452076:0006e5ef] [ERROR][com.freerdp.server.shadow.x11] - [x11_shadow_error_handler_for_capture]: X11 error: BadMatch (invalid parameter attributes) Error code: 8, request code: 49, minor code: 0
[13:13:01:810] [452076:0006e5ef] [ERROR][com.freerdp.server.shadow.x11] - [x11_shadow_error_handler_for_capture]: X11 error: BadMatch (invalid parameter attributes) Error code: 8, request code: 49, minor code: 0
[13:13:01:872] [452076:0006e5ef] [ERROR][com.freerdp.server.shadow.x11] - [x11_shadow_error_handler_for_capture]: X11 error: BadMatch (invalid parameter attributes) Error code: 8, request code: 49, minor code: 0
[13:13:01:935] [452076:0006e5ef] [ERROR][com.freerdp.server.shadow.x11] - [x11_shadow_error_handler_for_capture]: X11 error: BadMatch (invalid parameter attributes) Error code: 8, request code: 49, minor code: 0
[13:13:01:997] [452076:0006e5ef] [ERROR][com.freerdp.server.shadow.x11] - [x11_shadow_error_handler_for_capture]: X11 error: BadMatch (invalid parameter attributes) Error code: 8, request code: 49, minor code: 0
[13:13:02:058] [452076:0006e5ef] [ERROR][com.freerdp.server.shadow.x11] - [x11_shadow_error_handler_for_capture]: X11 error: BadMatch (invalid parameter attributes) Error code: 8, request code: 49, minor code: 0
[13:13:02:120] [452076:0006e5ef] [ERROR][com.freerdp.server.shadow.x11] - [x11_shadow_error_handler_for_capture]: X11 error: BadMatch (invalid parameter attributes) Error code: 8, request code: 49, minor code: 0
[13:13:02:182] [452076:0006e5ef] [ERROR][com.freerdp.server.shadow.x11] - [x11_shadow_error_handler_for_capture]: X11 error: BadMatch (invalid parameter attributes) Error code: 8, request code: 49, minor code: 0
[13:13:02:243] [452076:0006e5ef] [ERROR][com.freerdp.server.shadow.x11] - [x11_shadow_error_handler_for_capture]: X11 error: BadMatch (invalid parameter attributes) Error code: 8, request code: 49, minor code: 0
[13:13:02:306] [452076:0006e5ef] [ERROR][com.freerdp.server.shadow.x11] - [x11_shadow_error_handler_for_capture]: X11 error: BadMatch (invalid parameter attributes) Error code: 8, request code: 49, minor code: 0
[13:13:02:368] [452076:0006e5ef] [ERROR][com.freerdp.server.shadow.x11] - [x11_shadow_error_handler_for_capture]: X11 error: BadMatch (invalid parameter attributes) Error code: 8, request code: 49, minor code: 0
[13:13:02:430] [452076:0006e5ef] [ERROR][com.freerdp.server.shadow.x11] - [x11_shadow_error_handler_for_capture]: X11 error: BadMatch (invalid parameter attributes) Error code: 8, request code: 49, minor code: 0
[13:13:02:491] [452076:0006e5ef] [ERROR][com.freerdp.server.shadow.x11] - [x11_shadow_error_handler_for_capture]: X11 error: BadMatch (invalid parameter attributes) Error code: 8, request code: 49, minor code: 0
[13:13:02:554] [452076:0006e5ef] [ERROR][com.freerdp.server.shadow.x11] - [x11_shadow_error_handler_for_capture]: X11 error: BadMatch (invalid parameter attributes) Error code: 8, request code: 49, minor code: 0
[13:13:02:616] [452076:0006e5ef] [ERROR][com.freerdp.server.shadow.x11] - [x11_shadow_error_handler_for_capture]: X11 error: BadMatch (invalid parameter attributes) Error code: 8, request code: 49, minor code: 0
[13:13:02:677] [452076:0006e5ef] [ERROR][com.freerdp.server.shadow.x11] - [x11_shadow_error_handler_for_capture]: X11 error: BadMatch (invalid parameter attributes) Error code: 8, request code: 49, minor code: 0
[13:13:02:740] [452076:0006e5ef] [ERROR][com.freerdp.server.shadow.x11] - [x11_shadow_error_handler_for_capture]: X11 error: BadMatch (invalid parameter attributes) Error code: 8, request code: 49, minor code: 0
[13:13:02:802] [452076:0006e5ef] [ERROR][com.freerdp.server.shadow.x11] - [x11_shadow_error_handler_for_capture]: X11 error: BadMatch (invalid parameter attributes) Error code: 8, request code: 49, minor code: 0
[13:13:02:864] [452076:0006e5ef] [ERROR][com.freerdp.server.shadow.x11] - [x11_shadow_error_handler_for_capture]: X11 error: BadMatch (invalid parameter attributes) Error code: 8, request code: 49, minor code: 0
[13:13:02:926] [452076:0006e5ef] [ERROR][com.freerdp.server.shadow.x11] - [x11_shadow_error_handler_for_capture]: X11 error: BadMatch (invalid parameter attributes) Error code: 8, request code: 49, minor code: 0
[13:13:02:988] [452076:0006e5ef] [ERROR][com.freerdp.server.shadow.x11] - [x11_shadow_error_handler_for_capture]: X11 error: BadMatch (invalid parameter attributes) Error code: 8, request code: 49, minor code: 0
[13:13:03:006] [452076:0006e710] [ERROR][com.freerdp.core.transport] - [transport_read_layer]: BIO_read returned a system error 104: Connection reset by peer
[13:13:03:007] [452076:0006e710] [ERROR][com.freerdp.core.peer] - [transport_read_layer]: ERRCONNECT_CONNECT_TRANSPORT_FAILED [0x0002000D]
[13:13:03:007] [452076:0006e710] [ERROR][com.freerdp.core.nla] - [nla_server_recv_stream]: nla_recv() error: -1
[13:13:03:007] [452076:0006e710] [ERROR][com.freerdp.core.transport] - [transport_accept_nla]: client authentication failure
[13:13:03:007] [452076:0006e710] [ERROR][com.freerdp.core.peer] - [peer_recv_callback_internal]: CONNECTION_STATE_NEGO - rdp_server_accept_nego() fail
[13:13:03:007] [452076:0006e710] [ERROR][com.freerdp.core.transport] - [transport_check_fds]: transport_check_fds: transport->ReceiveCallback() - STATE_RUN_FAILED [-1]
[13:13:03:007] [452076:0006e710] [ERROR][com.freerdp.client.shadow] - [shadow_client_thread]: Failed to check FreeRDP file descriptor
[13:13:12:350] [452076:0006e5ef] [ERROR][com.freerdp.server.shadow.x11] - [x11_shadow_error_handler_for_capture]: X11 error: BadMatch (invalid parameter attributes) Error code: 8, request code: 49, minor code: 0
[13:13:12:411] [452076:0006e5ef] [ERROR][com.freerdp.server.shadow.x11] - [x11_shadow_error_handler_for_capture]: X11 error: BadMatch (invalid parameter attributes) Error code: 8, request code: 49, minor code: 0
[13:13:12:474] [452076:0006e5ef] [ERROR][com.freerdp.server.shadow.x11] - [x11_shadow_error_handler_for_capture]: X11 error: BadMatch (invalid parameter attributes) Error code: 8, request code: 49, minor code: 0
[13:13:12:535] [452076:0006e5ef] [ERROR][com.freerdp.server.shadow.x11] - [x11_shadow_error_handler_for_capture]: X11 error: BadMatch (invalid parameter attributes) Error code: 8, request code: 49, minor code: 0
[13:13:12:598] [452076:0006e5ef] [ERROR][com.freerdp.server.shadow.x11] - [x11_shadow_error_handler_for_capture]: X11 error: BadMatch (invalid parameter attributes) Error code: 8, request code: 49, minor code: 0
[13:13:12:660] [452076:0006e5ef] [ERROR][com.freerdp.server.shadow.x11] - [x11_shadow_error_handler_for_capture]: X11 error: BadMatch (invalid parameter attributes) Error code: 8, request code: 49, minor code: 0
[13:13:12:722] [452076:0006e5ef] [ERROR][com.freerdp.server.shadow.x11] - [x11_shadow_error_handler_for_capture]: X11 error: BadMatch (invalid parameter attributes) Error code: 8, request code: 49, minor code: 0
[13:13:12:784] [452076:0006e5ef] [ERROR][com.freerdp.server.shadow.x11] - [x11_shadow_error_handler_for_capture]: X11 error: BadMatch (invalid parameter attributes) Error code: 8, request code: 49, minor code: 0
[13:13:12:846] [452076:0006e5ef] [ERROR][com.freerdp.server.shadow.x11] - [x11_shadow_error_handler_for_capture]: X11 error: BadMatch (invalid parameter attributes) Error code: 8, request code: 49, minor code: 0
[13:13:12:907] [452076:0006e5ef] [ERROR][com.freerdp.server.shadow.x11] - [x11_shadow_error_handler_for_capture]: X11 error: BadMatch (invalid parameter attributes) Error code: 8, request code: 49, minor code: 0
[13:13:12:970] [452076:0006e5ef] [ERROR][com.freerdp.server.shadow.x11] - [x11_shadow_error_handler_for_capture]: X11 error: BadMatch (invalid parameter attributes) Error code: 8, request code: 49, minor code: 0
[13:13:13:032] [452076:0006e5ef] [ERROR][com.freerdp.server.shadow.x11] - [x11_shadow_error_handler_for_capture]: X11 error: BadMatch (invalid parameter attributes) Error code: 8, request code: 49, minor code: 0
[13:13:13:094] [452076:0006e5ef] [ERROR][com.freerdp.server.shadow.x11] - [x11_shadow_error_handler_for_capture]: X11 error: BadMatch (invalid parameter attributes) Error code: 8, request code: 49, minor code: 0
[13:13:13:156] [452076:0006e5ef] [ERROR][com.freerdp.server.shadow.x11] - [x11_shadow_error_handler_for_capture]: X11 error: BadMatch (invalid parameter attributes) Error code: 8, request code: 49, minor code: 0
[13:13:13:218] [452076:0006e5ef] [ERROR][com.freerdp.server.shadow.x11] - [x11_shadow_error_handler_for_capture]: X11 error: BadMatch (invalid parameter attributes) Error code: 8, request code: 49, minor code: 0
[13:13:13:280] [452076:0006e5ef] [ERROR][com.freerdp.server.shadow.x11] - [x11_shadow_error_handler_for_capture]: X11 error: BadMatch (invalid parameter attributes) Error code: 8, request code: 49, minor code: 0
[13:13:13:342] [452076:0006e5ef] [ERROR][com.freerdp.server.shadow.x11] - [x11_shadow_error_handler_for_capture]: X11 error: BadMatch (invalid parameter attributes) Error code: 8, request code: 49, minor code: 0
[13:13:13:403] [452076:0006e5ef] [ERROR][com.freerdp.server.shadow.x11] - [x11_shadow_error_handler_for_capture]: X11 error: BadMatch (invalid parameter attributes) Error code: 8, request code: 49, minor code: 0
[13:13:13:466] [452076:0006e5ef] [ERROR][com.freerdp.server.shadow.x11] - [x11_shadow_error_handler_for_capture]: X11 error: BadMatch (invalid parameter attributes) Error code: 8, request code: 49, minor code: 0
[13:13:13:528] [452076:0006e5ef] [ERROR][com.freerdp.server.shadow.x11] - [x11_shadow_error_handler_for_capture]: X11 error: BadMatch (invalid parameter attributes) Error code: 8, request code: 49, minor code: 0
[13:13:13:590] [452076:0006e5ef] [ERROR][com.freerdp.server.shadow.x11] - [x11_shadow_error_handler_for_capture]: X11 error: BadMatch (invalid parameter attributes) Error code: 8, request code: 49, minor code: 0
[13:13:13:651] [452076:0006e5ef] [ERROR][com.freerdp.server.shadow.x11] - [x11_shadow_error_handler_for_capture]: X11 error: BadMatch (invalid parameter attributes) Error code: 8, request code: 49, minor code: 0
[13:13:13:714] [452076:0006e5ef] [ERROR][com.freerdp.server.shadow.x11] - [x11_shadow_error_handler_for_capture]: X11 error: BadMatch (invalid parameter attributes) Error code: 8, request code: 49, minor code: 0
[13:13:13:776] [452076:0006e5ef] [ERROR][com.freerdp.server.shadow.x11] - [x11_shadow_error_handler_for_capture]: X11 error: BadMatch (invalid parameter attributes) Error code: 8, request code: 49, minor code: 0
[13:13:13:838] [452076:0006e5ef] [ERROR][com.freerdp.server.shadow.x11] - [x11_shadow_error_handler_for_capture]: X11 error: BadMatch (invalid parameter attributes) Error code: 8, request code: 49, minor code: 0
[13:13:13:899] [452076:0006e5ef] [ERROR][com.freerdp.server.shadow.x11] - [x11_shadow_error_handler_for_capture]: X11 error: BadMatch (invalid parameter attributes) Error code: 8, request code: 49, minor code: 0
[13:13:13:962] [452076:0006e5ef] [ERROR][com.freerdp.server.shadow.x11] - [x11_shadow_error_handler_for_capture]: X11 error: BadMatch (invalid parameter attributes) Error code: 8, request code: 49, minor code: 0
[13:13:14:024] [452076:0006e5ef] [ERROR][com.freerdp.server.shadow.x11] - [x11_shadow_error_handler_for_capture]: X11 error: BadMatch (invalid parameter attributes) Error code: 8, request code: 49, minor code: 0
[13:13:14:086] [452076:0006e5ef] [ERROR][com.freerdp.server.shadow.x11] - [x11_shadow_error_handler_for_capture]: X11 error: BadMatch (invalid parameter attributes) Error code: 8, request code: 49, minor code: 0
[13:13:14:148] [452076:0006e5ef] [ERROR][com.freerdp.server.shadow.x11] - [x11_shadow_error_handler_for_capture]: X11 error: BadMatch (invalid parameter attributes) Error code: 8, request code: 49, minor code: 0
[13:13:14:209] [452076:0006e5ef] [ERROR][com.freerdp.server.shadow.x11] - [x11_shadow_error_handler_for_capture]: X11 error: BadMatch (invalid parameter attributes) Error code: 8, request code: 49, minor code: 0
[13:13:14:272] [452076:0006e5ef] [ERROR][com.freerdp.server.shadow.x11] - [x11_shadow_error_handler_for_capture]: X11 error: BadMatch (invalid parameter attributes) Error code: 8, request code: 49, minor code: 0
[13:13:14:334] [452076:0006e5ef] [ERROR][com.freerdp.server.shadow.x11] - [x11_shadow_error_handler_for_capture]: X11 error: BadMatch (invalid parameter attributes) Error code: 8, request code: 49, minor code: 0
[13:13:14:395] [452076:0006e5ef] [ERROR][com.freerdp.server.shadow.x11] - [x11_shadow_error_handler_for_capture]: X11 error: BadMatch (invalid parameter attributes) Error code: 8, request code: 49, minor code: 0
[13:13:14:458] [452076:0006e5ef] [ERROR][com.freerdp.server.shadow.x11] - [x11_shadow_error_handler_for_capture]: X11 error: BadMatch (invalid parameter attributes) Error code: 8, request code: 49, minor code: 0
[13:13:14:520] [452076:0006e5ef] [ERROR][com.freerdp.server.shadow.x11] - [x11_shadow_error_handler_for_capture]: X11 error: BadMatch (invalid parameter attributes) Error code: 8, request code: 49, minor code: 0
[13:13:14:581] [452076:0006e5ef] [ERROR][com.freerdp.server.shadow.x11] - [x11_shadow_error_handler_for_capture]: X11 error: BadMatch (invalid parameter attributes) Error code: 8, request code: 49, minor code: 0
[13:13:14:644] [452076:0006e5ef] [ERROR][com.freerdp.server.shadow.x11] - [x11_shadow_error_handler_for_capture]: X11 error: BadMatch (invalid parameter attributes) Error code: 8, request code: 49, minor code: 0
[13:13:14:705] [452076:0006e5ef] [ERROR][com.freerdp.server.shadow.x11] - [x11_shadow_error_handler_for_capture]: X11 error: BadMatch (invalid parameter attributes) Error code: 8, request code: 49, minor code: 0
[13:13:14:768] [452076:0006e5ef] [ERROR][com.freerdp.server.shadow.x11] - [x11_shadow_error_handler_for_capture]: X11 error: BadMatch (invalid parameter attributes) Error code: 8, request code: 49, minor code: 0
[13:13:14:829] [452076:0006e5ef] [ERROR][com.freerdp.server.shadow.x11] - [x11_shadow_error_handler_for_capture]: X11 error: BadMatch (invalid parameter attributes) Error code: 8, request code: 49, minor code: 0
[13:13:14:892] [452076:0006e5ef] [ERROR][com.freerdp.server.shadow.x11] - [x11_shadow_error_handler_for_capture]: X11 error: BadMatch (invalid parameter attributes) Error code: 8, request code: 49, minor code: 0
[13:13:14:954] [452076:0006e5ef] [ERROR][com.freerdp.server.shadow.x11] - [x11_shadow_error_handler_for_capture]: X11 error: BadMatch (invalid parameter attributes) Error code: 8, request code: 49, minor code: 0
[13:13:15:015] [452076:0006e5ef] [ERROR][com.freerdp.server.shadow.x11] - [x11_shadow_error_handler_for_capture]: X11 error: BadMatch (invalid parameter attributes) Error code: 8, request code: 49, minor code: 0
[13:13:15:078] [452076:0006e5ef] [ERROR][com.freerdp.server.shadow.x11] - [x11_shadow_error_handler_for_capture]: X11 error: BadMatch (invalid parameter attributes) Error code: 8, request code: 49, minor code: 0
[13:13:15:139] [452076:0006e5ef] [ERROR][com.freerdp.server.shadow.x11] - [x11_shadow_error_handler_for_capture]: X11 error: BadMatch (invalid parameter attributes) Error code: 8, request code: 49, minor code: 0
[13:13:15:202] [452076:0006e5ef] [ERROR][com.freerdp.server.shadow.x11] - [x11_shadow_error_handler_for_capture]: X11 error: BadMatch (invalid parameter attributes) Error code: 8, request code: 49, minor code: 0
[13:13:15:263] [452076:0006e5ef] [ERROR][com.freerdp.server.shadow.x11] - [x11_shadow_error_handler_for_capture]: X11 error: BadMatch (invalid parameter attributes) Error code: 8, request code: 49, minor code: 0
[13:13:15:326] [452076:0006e5ef] [ERROR][com.freerdp.server.shadow.x11] - [x11_shadow_error_handler_for_capture]: X11 error: BadMatch (invalid parameter attributes) Error code: 8, request code: 49, minor code: 0
[13:13:15:388] [452076:0006e5ef] [ERROR][com.freerdp.server.shadow.x11] - [x11_shadow_error_handler_for_capture]: X11 error: BadMatch (invalid parameter attributes) Error code: 8, request code: 49, minor code: 0
[13:13:15:449] [452076:0006e5ef] [ERROR][com.freerdp.server.shadow.x11] - [x11_shadow_error_handler_for_capture]: X11 error: BadMatch (invalid parameter attributes) Error code: 8, request code: 49, minor code: 0
[13:13:15:512] [452076:0006e5ef] [ERROR][com.freerdp.server.shadow.x11] - [x11_shadow_error_handler_for_capture]: X11 error: BadMatch (invalid parameter attributes) Error code: 8, request code: 49, minor code: 0
[13:13:15:573] [452076:0006e5ef] [ERROR][com.freerdp.server.shadow.x11] - [x11_shadow_error_handler_for_capture]: X11 error: BadMatch (invalid parameter attributes) Error code: 8, request code: 49, minor code: 0
[13:13:15:636] [452076:0006e5ef] [ERROR][com.freerdp.server.shadow.x11] - [x11_shadow_error_handler_for_capture]: X11 error: BadMatch (invalid parameter attributes) Error code: 8, request code: 49, minor code: 0
[13:13:15:697] [452076:0006e5ef] [ERROR][com.freerdp.server.shadow.x11] - [x11_shadow_error_handler_for_capture]: X11 error: BadMatch (invalid parameter attributes) Error code: 8, request code: 49, minor code: 0
[13:13:15:760] [452076:0006e5ef] [ERROR][com.freerdp.server.shadow.x11] - [x11_shadow_error_handler_for_capture]: X11 error: BadMatch (invalid parameter attributes) Error code: 8, request code: 49, minor code: 0
[13:13:15:822] [452076:0006e5ef] [ERROR][com.freerdp.server.shadow.x11] - [x11_shadow_error_handler_for_capture]: X11 error: BadMatch (invalid parameter attributes) Error code: 8, request code: 49, minor code: 0
[13:13:15:883] [452076:0006e5ef] [ERROR][com.freerdp.server.shadow.x11] - [x11_shadow_error_handler_for_capture]: X11 error: BadMatch (invalid parameter attributes) Error code: 8, request code: 49, minor code: 0
[13:13:15:946] [452076:0006e5ef] [ERROR][com.freerdp.server.shadow.x11] - [x11_shadow_error_handler_for_capture]: X11 error: BadMatch (invalid parameter attributes) Error code: 8, request code: 49, minor code: 0
[13:13:16:008] [452076:0006e5ef] [ERROR][com.freerdp.server.shadow.x11] - [x11_shadow_error_handler_for_capture]: X11 error: BadMatch (invalid parameter attributes) Error code: 8, request code: 49, minor code: 0
[13:13:16:069] [452076:0006e5ef] [ERROR][com.freerdp.server.shadow.x11] - [x11_shadow_error_handler_for_capture]: X11 error: BadMatch (invalid parameter attributes) Error code: 8, request code: 49, minor code: 0
[13:13:16:132] [452076:0006e5ef] [ERROR][com.freerdp.server.shadow.x11] - [x11_shadow_error_handler_for_capture]: X11 error: BadMatch (invalid parameter attributes) Error code: 8, request code: 49, minor code: 0
[13:13:16:194] [452076:0006e5ef] [ERROR][com.freerdp.server.shadow.x11] - [x11_shadow_error_handler_for_capture]: X11 error: BadMatch (invalid parameter attributes) Error code: 8, request code: 49, minor code: 0
[13:13:16:256] [452076:0006e5ef] [ERROR][com.freerdp.server.shadow.x11] - [x11_shadow_error_handler_for_capture]: X11 error: BadMatch (invalid parameter attributes) Error code: 8, request code: 49, minor code: 0
[13:13:16:317] [452076:0006e5ef] [ERROR][com.freerdp.server.shadow.x11] - [x11_shadow_error_handler_for_capture]: X11 error: BadMatch (invalid parameter attributes) Error code: 8, request code: 49, minor code: 0
[13:13:16:380] [452076:0006e5ef] [ERROR][com.freerdp.server.shadow.x11] - [x11_shadow_error_handler_for_capture]: X11 error: BadMatch (invalid parameter attributes) Error code: 8, request code: 49, minor code: 0
[13:13:16:441] [452076:0006e5ef] [ERROR][com.freerdp.server.shadow.x11] - [x11_shadow_error_handler_for_capture]: X11 error: BadMatch (invalid parameter attributes) Error code: 8, request code: 49, minor code: 0
[13:13:16:504] [452076:0006e5ef] [ERROR][com.freerdp.server.shadow.x11] - [x11_shadow_error_handler_for_capture]: X11 error: BadMatch (invalid parameter attributes) Error code: 8, request code: 49, minor code: 0
[13:13:16:566] [452076:0006e5ef] [ERROR][com.freerdp.server.shadow.x11] - [x11_shadow_error_handler_for_capture]: X11 error: BadMatch (invalid parameter attributes) Error code: 8, request code: 49, minor code: 0
[13:13:16:628] [452076:0006e5ef] [ERROR][com.freerdp.server.shadow.x11] - [x11_shadow_error_handler_for_capture]: X11 error: BadMatch (invalid parameter attributes) Error code: 8, request code: 49, minor code: 0
[13:13:16:690] [452076:0006e5ef] [ERROR][com.freerdp.server.shadow.x11] - [x11_shadow_error_handler_for_capture]: X11 error: BadMatch (invalid parameter attributes) Error code: 8, request code: 49, minor code: 0
[13:13:16:752] [452076:0006e5ef] [ERROR][com.freerdp.server.shadow.x11] - [x11_shadow_error_handler_for_capture]: X11 error: BadMatch (invalid parameter attributes) Error code: 8, request code: 49, minor code: 0
[13:13:16:814] [452076:0006e5ef] [ERROR][com.freerdp.server.shadow.x11] - [x11_shadow_error_handler_for_capture]: X11 error: BadMatch (invalid parameter attributes) Error code: 8, request code: 49, minor code: 0
[13:13:16:875] [452076:0006e5ef] [ERROR][com.freerdp.server.shadow.x11] - [x11_shadow_error_handler_for_capture]: X11 error: BadMatch (invalid parameter attributes) Error code: 8, request code: 49, minor code: 0
[13:13:16:882] [452076:0006e737] [ERROR][com.freerdp.core.transport] - [transport_read_layer]: BIO_read returned a system error 104: Connection reset by peer
[13:13:16:882] [452076:0006e737] [ERROR][com.freerdp.core.peer] - [transport_read_layer]: ERRCONNECT_CONNECT_TRANSPORT_FAILED [0x0002000D]
[13:13:16:882] [452076:0006e737] [ERROR][com.freerdp.core.nla] - [nla_server_recv_stream]: nla_recv() error: -1
[13:13:16:882] [452076:0006e737] [ERROR][com.freerdp.core.transport] - [transport_accept_nla]: client authentication failure
[13:13:16:882] [452076:0006e737] [ERROR][com.freerdp.core.peer] - [peer_recv_callback_internal]: CONNECTION_STATE_NEGO - rdp_server_accept_nego() fail
[13:13:16:882] [452076:0006e737] [ERROR][com.freerdp.core.transport] - [transport_check_fds]: transport_check_fds: transport->ReceiveCallback() - STATE_RUN_FAILED [-1]
[13:13:16:882] [452076:0006e737] [ERROR][com.freerdp.client.shadow] - [shadow_client_thread]: Failed to check FreeRDP file descriptor
